Company,Company Name,Services company,Product based,Fintech,Big Bank,Foreign companies,Edtech,A.I.,Marketplace
https://www.linkedin.com/company/zomato/,Zomato,FALSE,TRUE,FALSE,FALSE,FALSE,FALSE,FALSE,TRUE
http://linkedin.com/company/101reporters,101Reporters,FALSE,FALSE,FALSE,FALSE,FALSE,FALSE,FALSE,FALSE
http://www.linkedin.com/company/1digitalstack,1digitalstack.ai,FALSE,FALSE,FALSE,FALSE,FALSE,FALSE,FALSE,FALSE
https://www.linkedin.com/company/1knetworks/,1K,FALSE,FALSE,FALSE,FALSE,FALSE,FALSE,FALSE,FALSE
https://linkedin.com/company/21north/about,21North Europ Assistance,FALSE,FALSE,FALSE,FALSE,FALSE,FALSE,FALSE,FALSE
http://linkedin.com/company/ad2pro-media-solutions-private-limited,Ad2pro media solutions (2adpro),FALSE,FALSE,FALSE,FALSE,FALSE,FALSE,FALSE,FALSE
https://linkedin.com/company/3dexter,3Dexter,FALSE,FALSE,FALSE,FALSE,FALSE,FALSE,FALSE,FALSE
https://in.linkedin.com/company/4finindia,4Fin,FALSE,FALSE,FALSE,FALSE,FALSE,FALSE,FALSE,FALSE
https://linkedin.com/company/56secure,56 Secure,FALSE,FALSE,FALSE,FALSE,FALSE,FALSE,FALSE,FALSE
https://linkedin.com/company/91mobiles/about,91mobiles,FALSE,FALSE,FALSE,FALSE,FALSE,FALSE,FALSE,FALSE
http://linkedin.com/company/99tests,99tests,FALSE,FALSE,FALSE,FALSE,FALSE,FALSE,FALSE,FALSE
http://linkedin.com/company/aapkapainter,aapkapainter.com,FALSE,FALSE,FALSE,FALSE,FALSE,FALSE,FALSE,FALSE
http://linkedin.com/company/abiba-systems-pvt-ltd.-bangalore,ABIBA Systems,FALSE,FALSE,FALSE,FALSE,FALSE,FALSE,FALSE,FALSE
https://linkedin.com/company/acadza-technologies-pvt-ltd,Acadza Technologies Pvt. Ltd,FALSE,FALSE,FALSE,FALSE,FALSE,FALSE,FALSE,FALSE
https://linkedin.com/company/achievers/about,Achievers,FALSE,FALSE,FALSE,FALSE,FALSE,FALSE,FALSE,FALSE
https://in.linkedin.com/company/metadome,Metadome.ai,FALSE,FALSE,FALSE,FALSE,FALSE,FALSE,FALSE,FALSE
http://www.linkedin.com/company/adori-labs-inc-,"Adori Labs, Inc.",FALSE,FALSE,FALSE,FALSE,FALSE,FALSE,FALSE,FALSE
http://www.linkedin.com/company/adpushup,AdPushup,FALSE,FALSE,FALSE,FALSE,FALSE,FALSE,FALSE,FALSE
http://linkedin.com/company/adya.io,Adya (acquired by Qualys),FALSE,FALSE,FALSE,FALSE,FALSE,FALSE,FALSE,FALSE
http://linkedin.com/company/aeon-learning,AEON Learning,FALSE,FALSE,FALSE,FALSE,FALSE,FALSE,FALSE,FALSE
https://linkedin.com/company/aerchain-io/about,Aerchain,FALSE,FALSE,FALSE,FALSE,FALSE,FALSE,FALSE,FALSE
http://linkedin.com/company/aeron-systems-pvt.-ltd.,Aeron Systems,FALSE,FALSE,FALSE,FALSE,FALSE,FALSE,FALSE,FALSE
http://www.linkedin.com/company/aerologix,Aerologix,FALSE,FALSE,FALSE,FALSE,FALSE,FALSE,FALSE,FALSE
http://linkedin.com/company/aertrip,Aertrip,FALSE,FALSE,FALSE,FALSE,FALSE,FALSE,FALSE,FALSE
http://linkedin.com/company/aerxlabs,AerX Labs,FALSE,FALSE,FALSE,FALSE,FALSE,FALSE,FALSE,FALSE
https://linkedin.com/company/aevainc/about,Aeva,FALSE,FALSE,FALSE,FALSE,FALSE,FALSE,FALSE,FALSE
http://www.linkedin.com/company/affluence-infosystems,Affluence Infosystems,FALSE,FALSE,FALSE,FALSE,FALSE,FALSE,FALSE,FALSE
http://www.linkedin.com/company/affinsys-ai,"Affinsys AI (BankBuddy.ai, TelcoBuddy.ai, InsureBuddy.ai)",FALSE,FALSE,FALSE,FALSE,FALSE,FALSE,FALSE,FALSE
http://www.linkedin.com/company/agatsa,Agatsa,FALSE,FALSE,FALSE,FALSE,FALSE,FALSE,FALSE,FALSE
https://linkedin.com/company/agnextworld,AGNEXT,FALSE,FALSE,FALSE,FALSE,FALSE,FALSE,FALSE,FALSE
https://linkedin.com/company/agrixagrotech/about,Agrix,FALSE,FALSE,FALSE,FALSE,FALSE,FALSE,FALSE,FALSE
https://in.linkedin.com/company/e-feed,eFeed Life Science,FALSE,FALSE,FALSE,FALSE,FALSE,FALSE,FALSE,FALSE
http://www.linkedin.com/company/ains-peopletech,AiNS PeopleTech,FALSE,FALSE,FALSE,FALSE,FALSE,FALSE,FALSE,FALSE
http://linkedin.com/company/advance-india-projects-limited,AIPL,FALSE,FALSE,FALSE,FALSE,FALSE,FALSE,FALSE,FALSE
http://www.linkedin.com/company/airpay-india,airpay payment services,FALSE,FALSE,FALSE,FALSE,FALSE,FALSE,FALSE,FALSE
https://in.linkedin.com/company/airprobe,AirProbe,FALSE,FALSE,FALSE,FALSE,FALSE,FALSE,FALSE,FALSE
https://linkedin.com/company/akudoindia/about,akudo,FALSE,FALSE,FALSE,FALSE,FALSE,FALSE,FALSE,FALSE
http://linkedin.com/company/algonation,Algonation,FALSE,FALSE,FALSE,FALSE,FALSE,FALSE,FALSE,FALSE
http://linkedin.com/company/algoshack/,AlgoShack,FALSE,FALSE,FALSE,FALSE,FALSE,FALSE,FALSE,FALSE
https://linkedin.com/company/alippo,Alippo,FALSE,FALSE,FALSE,FALSE,FALSE,FALSE,FALSE,FALSE
http://linkedin.com/company/almamapper-technologies-pvt--ltd-,AlmaMapper Technologies,FALSE,FALSE,FALSE,FALSE,FALSE,FALSE,FALSE,FALSE
http://linkedin.com/company/almug-technologies-pvt-ltd,Almug Technologies,FALSE,FALSE,FALSE,FALSE,FALSE,FALSE,FALSE,FALSE
http://www.linkedin.com/company/alrt-ai,alrt.ai,FALSE,FALSE,FALSE,FALSE,FALSE,FALSE,FALSE,FALSE
https://linkedin.com/company/altortech,Altor Smart Mobility,FALSE,FALSE,FALSE,FALSE,FALSE,FALSE,FALSE,FALSE
http://linkedin.com/company/altruist-technologies-pvt.-ltd.,Altruist Technologies Pvt. Ltd.,FALSE,FALSE,FALSE,FALSE,FALSE,FALSE,FALSE,FALSE
https://linkedin.com/company/altworld/about,AltWorld,FALSE,FALSE,FALSE,FALSE,FALSE,FALSE,FALSE,FALSE
https://linkedin.com/company/ambee-1st-consult-technologies-pvt-ltd-,Ambee (1st Consult Technologies Pvt Ltd),FALSE,FALSE,FALSE,FALSE,FALSE,FALSE,FALSE,FALSE
http://www.linkedin.com/company/ambient-ai,Ambient.ai,FALSE,FALSE,FALSE,FALSE,FALSE,FALSE,FALSE,FALSE
http://linkedin.com/company/analyttica-datalab-pvt-ltd-,LEAPS by Analyttica,FALSE,FALSE,FALSE,FALSE,FALSE,FALSE,FALSE,FALSE
https://linkedin.com/company/anarock-property-consultants/about,ANAROCK,FALSE,FALSE,FALSE,FALSE,FALSE,FALSE,FALSE,FALSE
https://in.linkedin.com/company/anastrat,AnaStrat,FALSE,FALSE,FALSE,FALSE,FALSE,FALSE,FALSE,FALSE
https://linkedin.com/company/andor-communications,AndOr Communications Pvt Ltd,FALSE,FALSE,FALSE,FALSE,FALSE,FALSE,FALSE,FALSE
http://linkedin.com/company/ansr-,ANSR:,FALSE,FALSE,FALSE,FALSE,FALSE,FALSE,FALSE,FALSE
http://www.linkedin.com/company/ansrsource,ansrsource,FALSE,FALSE,FALSE,FALSE,FALSE,FALSE,FALSE,FALSE
https://www.linkedin.com/company/anthem,Anthem Blue Cross and Blue Shield,FALSE,FALSE,FALSE,FALSE,FALSE,FALSE,FALSE,FALSE
http://linkedin.com/company/anvizent,Anvizent,FALSE,FALSE,FALSE,FALSE,FALSE,FALSE,FALSE,FALSE
http://linkedin.com/company/appnit-technologies,Appnit Technologies,FALSE,FALSE,FALSE,FALSE,FALSE,FALSE,FALSE,FALSE
https://linkedin.com/company/appsmith/about,Appsmith,FALSE,FALSE,FALSE,FALSE,FALSE,FALSE,FALSE,FALSE
http://linkedin.com/company/aptcoder/,APTCODER,FALSE,FALSE,FALSE,FALSE,FALSE,FALSE,FALSE,FALSE
https://linkedin.com/company/arcturus-business-solutions,Arcturus Business Solutions Pvt Ltd,FALSE,FALSE,FALSE,FALSE,FALSE,FALSE,FALSE,FALSE
http://linkedin.com/company/areysun-online-private-limited,Areysun Online Private Limited,FALSE,FALSE,FALSE,FALSE,FALSE,FALSE,FALSE,FALSE
https://linkedin.com/company/armorbloxinc,Armorblox (now part of Cisco),FALSE,FALSE,FALSE,FALSE,FALSE,FALSE,FALSE,FALSE
https://www.linkedin.com/company/artem-energy-future,ARTEM,FALSE,FALSE,FALSE,FALSE,FALSE,FALSE,FALSE,FALSE
http://www.linkedin.com/company/arthmate,Arthmate,FALSE,FALSE,FALSE,FALSE,FALSE,FALSE,FALSE,FALSE
https://linkedin.com/company/artivatic,Artivatic.ai,FALSE,FALSE,FALSE,FALSE,FALSE,FALSE,FALSE,FALSE
https://linkedin.com/company/asadeltech,ASADEL TECHNOLOGIES (P) LTD,FALSE,FALSE,FALSE,FALSE,FALSE,FALSE,FALSE,FALSE
http://linkedin.com/company/ashoka-university,Ashoka University,FALSE,FALSE,FALSE,FALSE,FALSE,FALSE,FALSE,FALSE
https://linkedin.com/company/assetplus,AssetPlus,FALSE,FALSE,FALSE,FALSE,FALSE,FALSE,FALSE,FALSE
https://linkedin.com/company/assurekit/about,Assurekit Technologies,FALSE,FALSE,FALSE,FALSE,FALSE,FALSE,FALSE,FALSE
http://linkedin.com/company/o-tree-solutions-private-limited,Athletto,FALSE,FALSE,FALSE,FALSE,FALSE,FALSE,FALSE,FALSE
http://www.linkedin.com/company/aurea-software,Aurea Software,FALSE,FALSE,FALSE,FALSE,FALSE,FALSE,FALSE,FALSE
http://linkedin.com/company/authlinkproject,Authlink,FALSE,FALSE,FALSE,FALSE,FALSE,FALSE,FALSE,FALSE
http://www.linkedin.com/company/autogenerate-ai,AutoGenerate.ai,FALSE,FALSE,FALSE,FALSE,FALSE,FALSE,FALSE,FALSE
https://linkedin.com/company/automaxis,automaxis,FALSE,FALSE,FALSE,FALSE,FALSE,FALSE,FALSE,FALSE
https://linkedin.com/company/avekshaa-technologies/about,Avekshaa Technologies Pvt. Ltd.,FALSE,FALSE,FALSE,FALSE,FALSE,FALSE,FALSE,FALSE
https://linkedin.com/company/aviso-inc,Aviso AI,FALSE,FALSE,FALSE,FALSE,FALSE,FALSE,FALSE,FALSE
https://linkedin.com/company/avrio-energy,Avrio,FALSE,FALSE,FALSE,FALSE,FALSE,FALSE,FALSE,FALSE
https://linkedin.com/company/awiros,Awiros,FALSE,FALSE,FALSE,FALSE,FALSE,FALSE,FALSE,FALSE
http://linkedin.com/company/axcend-automation-and-software-solutions,Axcend Automation and Software Solutions pvt.Ltd,FALSE,FALSE,FALSE,FALSE,FALSE,FALSE,FALSE,FALSE
https://www.linkedin.com/company/axess-ai/,axessAI,FALSE,FALSE,FALSE,FALSE,FALSE,FALSE,FALSE,FALSE
https://linkedin.com/company/ayu-health,Ayu Health,FALSE,FALSE,FALSE,FALSE,FALSE,FALSE,FALSE,FALSE
http://linkedin.com/company/b2r-technologies-pvt-ltd,B2R Technologies,FALSE,FALSE,FALSE,FALSE,FALSE,FALSE,FALSE,FALSE
http://www.linkedin.com/company/babblebots,Babblebots.ai,FALSE,FALSE,FALSE,FALSE,FALSE,FALSE,FALSE,FALSE
https://linkedin.com/company/baazapp,Baaz,FALSE,FALSE,FALSE,FALSE,FALSE,FALSE,FALSE,FALSE
https://linkedin.com/company/bamboobox,BambooBox,FALSE,FALSE,FALSE,FALSE,FALSE,FALSE,FALSE,FALSE
http://www.linkedin.com/company/bankbuddyai,BankBuddy.ai,FALSE,FALSE,FALSE,FALSE,FALSE,FALSE,FALSE,FALSE
http://www.linkedin.com/company/bdbai,BDB.ai,FALSE,FALSE,FALSE,FALSE,FALSE,FALSE,FALSE,FALSE
https://linkedin.com/company/be-u-salons,Be U Salons,FALSE,FALSE,FALSE,FALSE,FALSE,FALSE,FALSE,FALSE
http://linkedin.com/company/mobstac,Beaconstac HQ,FALSE,FALSE,FALSE,FALSE,FALSE,FALSE,FALSE,FALSE
http://linkedin.com/company/beepkart/,BeepKart,FALSE,FALSE,FALSE,FALSE,FALSE,FALSE,FALSE,FALSE
https://in.linkedin.com/company/being-a-mental-health-friend,being: my mental health map,FALSE,FALSE,FALSE,FALSE,FALSE,FALSE,FALSE,FALSE
http://linkedin.com/company/bentchair,Bent Chair,FALSE,FALSE,FALSE,FALSE,FALSE,FALSE,FALSE,FALSE
http://www.linkedin.com/company/betterbutter,BetterButter,FALSE,FALSE,FALSE,FALSE,FALSE,FALSE,FALSE,FALSE
https://linkedin.com/company/beyondskool,BeyondSkool,FALSE,FALSE,FALSE,FALSE,FALSE,FALSE,FALSE,FALSE
https://linkedin.com/company/bharatx/about,BharatX,FALSE,FALSE,FALSE,FALSE,FALSE,FALSE,FALSE,FALSE
https://linkedin.com/company/bhorzvanmotorspvtltd/about,Kalbhorz Electric,FALSE,FALSE,FALSE,FALSE,FALSE,FALSE,FALSE,FALSE
http://linkedin.com/company/b-hyve/,BHyve,FALSE,FALSE,FALSE,FALSE,FALSE,FALSE,FALSE,FALSE
http://www.linkedin.com/company/bidstalk,Bidstalk (acquired by AppLift),FALSE,FALSE,FALSE,FALSE,FALSE,FALSE,FALSE,FALSE
https://www.linkedin.com/company/bigclozet,BigClozet,FALSE,FALSE,FALSE,FALSE,FALSE,FALSE,FALSE,FALSE
http://www.linkedin.com/company/biglittle-ai,BigLittle.ai,FALSE,FALSE,FALSE,FALSE,FALSE,FALSE,FALSE,FALSE
https://linkedin.com/company/bijnisdotcom/about,bijnis,FALSE,FALSE,FALSE,FALSE,FALSE,FALSE,FALSE,FALSE
http://linkedin.com/company/billion-tags,Billiontags,FALSE,FALSE,FALSE,FALSE,FALSE,FALSE,FALSE,FALSE
https://linkedin.com/company/billionloans-financial-services-private-limited/about,Billionloans Financial Services Private Limited,FALSE,FALSE,FALSE,FALSE,FALSE,FALSE,FALSE,FALSE
https://linkedin.com/company/bitclass-live,BitClass,FALSE,FALSE,FALSE,FALSE,FALSE,FALSE,FALSE,FALSE
https://linkedin.com/company/blinkeyelabs/about,BlinkEyeLabs,FALSE,FALSE,FALSE,FALSE,FALSE,FALSE,FALSE,FALSE
https://in.linkedin.com/company/blkbox-ai,BLKBOX.ai,FALSE,FALSE,FALSE,FALSE,FALSE,FALSE,FALSE,FALSE
https://linkedin.com/company/blocksurvey,BlockSurvey,FALSE,FALSE,FALSE,FALSE,FALSE,FALSE,FALSE,FALSE
https://www.linkedin.com/company/blod-in/,Blodin PVT LTD,FALSE,FALSE,FALSE,FALSE,FALSE,FALSE,FALSE,FALSE
http://linkedin.com/company/bloomigo-in,Bloomigo.in,FALSE,FALSE,FALSE,FALSE,FALSE,FALSE,FALSE,FALSE
https://www.linkedin.com/company/blubirch,Blubirch,FALSE,FALSE,FALSE,FALSE,FALSE,FALSE,FALSE,FALSE
http://linkedin.com/company/bodhiai,Bodhi AI,FALSE,FALSE,FALSE,FALSE,FALSE,FALSE,FALSE,FALSE
https://linkedin.com/company/bombay-play,Bombay Play,FALSE,FALSE,FALSE,FALSE,FALSE,FALSE,FALSE,FALSE
http://linkedin.com/company/book-keeper-app,Book Keeper App,FALSE,FALSE,FALSE,FALSE,FALSE,FALSE,FALSE,FALSE
http://www.linkedin.com/company/brahmai,Brahm.ai,FALSE,FALSE,FALSE,FALSE,FALSE,FALSE,FALSE,FALSE
https://www.linkedin.com/company/brainpan-innvoations-private-limited,Brainpan Innovations,FALSE,FALSE,FALSE,FALSE,FALSE,FALSE,FALSE,FALSE
https://linkedin.com/company/buildsupply,BuildSupply,FALSE,FALSE,FALSE,FALSE,FALSE,FALSE,FALSE,FALSE
http://www.linkedin.com/company/bulbultv,Bulbul,FALSE,FALSE,FALSE,FALSE,FALSE,FALSE,FALSE,FALSE
http://linkedin.com/company/buildzar,Buildzar.com,FALSE,FALSE,FALSE,FALSE,FALSE,FALSE,FALSE,FALSE
http://linkedin.com/company/butterfly-edufields-ltd.,Butterfly Edufields Pvt. Ltd.,FALSE,FALSE,FALSE,FALSE,FALSE,FALSE,FALSE,FALSE
https://linkedin.com/company/bytexl,byteXL,FALSE,FALSE,FALSE,FALSE,FALSE,FALSE,FALSE,FALSE
https://linkedin.com/company/c&s-electric-ltd-,C&S ELECTRIC LTD.,FALSE,FALSE,FALSE,FALSE,FALSE,FALSE,FALSE,FALSE
https://linkedin.com/company/c3-ai/about,C3 AI,FALSE,FALSE,FALSE,FALSE,FALSE,FALSE,FALSE,FALSE
http://linkedin.com/company/campus-diaries,Campus Diaries,FALSE,FALSE,FALSE,FALSE,FALSE,FALSE,FALSE,FALSE
http://linkedin.com/company/capacloud-trading-solutions-pvt-ltd,CAPACLOUD,FALSE,FALSE,FALSE,FALSE,FALSE,FALSE,FALSE,FALSE
http://linkedin.com/company/capermint-technologies-pvt-ltd,Capermint Technologies Pvt Ltd,FALSE,FALSE,FALSE,FALSE,FALSE,FALSE,FALSE,FALSE
http://linkedin.com/company/capital-quant-solutions-pvt-ltd,Capital Quant Solutions Pvt Ltd,FALSE,FALSE,FALSE,FALSE,FALSE,FALSE,FALSE,FALSE
https://linkedin.com/company/card91/about,CARD91,FALSE,FALSE,FALSE,FALSE,FALSE,FALSE,FALSE,FALSE
https://www.linkedin.com/company/care-fi/,Care.Fi,FALSE,FALSE,FALSE,FALSE,FALSE,FALSE,FALSE,FALSE
http://linkedin.com/company/careeranna,Career Anna,FALSE,FALSE,FALSE,FALSE,FALSE,FALSE,FALSE,FALSE
https://linkedin.com/company/caredose,CAREDOSE,FALSE,FALSE,FALSE,FALSE,FALSE,FALSE,FALSE,FALSE
http://www.linkedin.com/company/careerpotli2017,CareerPotli,FALSE,FALSE,FALSE,FALSE,FALSE,FALSE,FALSE,FALSE
https://www.linkedin.com/company/carpl-ai/,CARPL.ai,FALSE,FALSE,FALSE,FALSE,FALSE,FALSE,FALSE,FALSE
https://www.linkedin.com/company/caroobi/,Caroobi,FALSE,FALSE,FALSE,FALSE,FALSE,FALSE,FALSE,FALSE
http://linkedin.com/company/cbazaar,Cbazaar.com,FALSE,FALSE,FALSE,FALSE,FALSE,FALSE,FALSE,FALSE
https://www.linkedin.com/company/centum-learning-ltd,Centum Learning (part of upGrad),FALSE,FALSE,FALSE,FALSE,FALSE,FALSE,FALSE,FALSE
https://www.linkedin.com/company/chase,Chase,FALSE,FALSE,FALSE,FALSE,FALSE,FALSE,FALSE,FALSE
http://linkedin.com/company/cherrytin,CherryTin - Corporate Gifting & Wedding Services,FALSE,FALSE,FALSE,FALSE,FALSE,FALSE,FALSE,FALSE
https://linkedin.com/company/chirrup-in/about,Chirrup,FALSE,FALSE,FALSE,FALSE,FALSE,FALSE,FALSE,FALSE
https://linkedin.com/company/chroniclehq/about,Chronicle,FALSE,FALSE,FALSE,FALSE,FALSE,FALSE,FALSE,FALSE
https://www.linkedin.com/company/cians-analytics,Cians Analytics,FALSE,FALSE,FALSE,FALSE,FALSE,FALSE,FALSE,FALSE
http://linkedin.com/company/cielhr,CIEL HR,FALSE,FALSE,FALSE,FALSE,FALSE,FALSE,FALSE,FALSE
https://linkedin.com/company/circle-internet-tech-pvt-ltd,Circle Internet,FALSE,FALSE,FALSE,FALSE,FALSE,FALSE,FALSE,FALSE
http://linkedin.com/company/citizengage,Citizengage,FALSE,FALSE,FALSE,FALSE,FALSE,FALSE,FALSE,FALSE
http://linkedin.com/company/cityflo,Cityflo,FALSE,FALSE,FALSE,FALSE,FALSE,FALSE,FALSE,FALSE
http://linkedin.com/company/cityfurnish,CITYFURNISH,FALSE,FALSE,FALSE,FALSE,FALSE,FALSE,FALSE,FALSE
https://linkedin.com/company/civilsdaily,Civilsdaily,FALSE,FALSE,FALSE,FALSE,FALSE,FALSE,FALSE,FALSE
http://linkedin.com/company/claimtherapist/about/,ClaimTherapist,FALSE,FALSE,FALSE,FALSE,FALSE,FALSE,FALSE,FALSE
https://in.linkedin.com/company/clappia,Clappia | No Code Platform,FALSE,FALSE,FALSE,FALSE,FALSE,FALSE,FALSE,FALSE
https://linkedin.com/company/tryclarity,Clarity,FALSE,FALSE,FALSE,FALSE,FALSE,FALSE,FALSE,FALSE
https://www.linkedin.com/company/claro-energy-private-limited,Claro Energy,FALSE,FALSE,FALSE,FALSE,FALSE,FALSE,FALSE,FALSE
http://linkedin.com/company/clean-slate-technologies,Clean Slate Technologies,FALSE,FALSE,FALSE,FALSE,FALSE,FALSE,FALSE,FALSE
https://www.linkedin.com/company/cliff-ai/,Cliff.ai,FALSE,FALSE,FALSE,FALSE,FALSE,FALSE,FALSE,FALSE
http://www.linkedin.com/company/clinchpad,ClinchPad,FALSE,FALSE,FALSE,FALSE,FALSE,FALSE,FALSE,FALSE
https://linkedin.com/company/clinikk/about,Clinikk,FALSE,FALSE,FALSE,FALSE,FALSE,FALSE,FALSE,FALSE
http://linkedin.com/company/clix-capital,Clix Capital,FALSE,FALSE,FALSE,FALSE,FALSE,FALSE,FALSE,FALSE
https://in.linkedin.com/company/clodura-systems,Clodura.AI,FALSE,FALSE,FALSE,FALSE,FALSE,FALSE,FALSE,FALSE
http://www.linkedin.com/company/cloudbloom,CloudBloom,FALSE,FALSE,FALSE,FALSE,FALSE,FALSE,FALSE,FALSE
https://www.linkedin.com/company/cloudnuro/,CloudNuro.AI,FALSE,FALSE,FALSE,FALSE,FALSE,FALSE,FALSE,FALSE
http://www.linkedin.com/company/cloudwick,Cloudwick,FALSE,FALSE,FALSE,FALSE,FALSE,FALSE,FALSE,FALSE
https://linkedin.com/company/cluzters-ai,Cluzters.ai,FALSE,FALSE,FALSE,FALSE,FALSE,FALSE,FALSE,FALSE
https://www.linkedin.com/company/codeignition,CodeIgnition,FALSE,FALSE,FALSE,FALSE,FALSE,FALSE,FALSE,FALSE
https://linkedin.com/company/cogniable,CogniAble,FALSE,FALSE,FALSE,FALSE,FALSE,FALSE,FALSE,FALSE
https://www.linkedin.com/company/cognida-ai/,Cognida.ai,FALSE,FALSE,FALSE,FALSE,FALSE,FALSE,FALSE,FALSE
https://linkedin.com/company/cognisaas/about,CogniSaaS,FALSE,FALSE,FALSE,FALSE,FALSE,FALSE,FALSE,FALSE
http://linkedin.com/company/cointribe-technologies,CoinTribe Technologies,FALSE,FALSE,FALSE,FALSE,FALSE,FALSE,FALSE,FALSE
http://linkedin.com/company/indiacollegesearch,CollegeSearch,FALSE,FALSE,FALSE,FALSE,FALSE,FALSE,FALSE,FALSE
https://linkedin.com/company/collpoll,Digii (formerly CollPoll),FALSE,FALSE,FALSE,FALSE,FALSE,FALSE,FALSE,FALSE
https://www.linkedin.com/company/comat-technologies-pvt-ltd,Comat Technologies Pvt Ltd,FALSE,FALSE,FALSE,FALSE,FALSE,FALSE,FALSE,FALSE
https://www.linkedin.com/company/concentricinc/,Concentric AI,FALSE,FALSE,FALSE,FALSE,FALSE,FALSE,FALSE,FALSE
http://linkedin.com/company/connaizen,Connaizen (acquired by Paytm),FALSE,FALSE,FALSE,FALSE,FALSE,FALSE,FALSE,FALSE
http://linkedin.com/company/connect2-group,connect2-group,FALSE,FALSE,FALSE,FALSE,FALSE,FALSE,FALSE,FALSE
https://linkedin.com/company/contree/about,Contree Foundation,FALSE,FALSE,FALSE,FALSE,FALSE,FALSE,FALSE,FALSE
http://www.linkedin.com/company/convertcart,Convertcart,FALSE,FALSE,FALSE,FALSE,FALSE,FALSE,FALSE,FALSE
https://www.linkedin.com/company/convin/,Convin,FALSE,FALSE,FALSE,FALSE,FALSE,FALSE,FALSE,FALSE
https://linkedin.com/company/convosight,Convosight,FALSE,FALSE,FALSE,FALSE,FALSE,FALSE,FALSE,FALSE
https://linkedin.com/company/cora-healthcare/about,Cora Health,FALSE,FALSE,FALSE,FALSE,FALSE,FALSE,FALSE,FALSE
https://in.linkedin.com/company/cord-ai1,CORD.ai,FALSE,FALSE,FALSE,FALSE,FALSE,FALSE,FALSE,FALSE
https://linkedin.com/company/corizo-edutech,Corizo,FALSE,FALSE,FALSE,FALSE,FALSE,FALSE,FALSE,FALSE
http://linkedin.com/company/corporate-360,Dataforce,FALSE,FALSE,FALSE,FALSE,FALSE,FALSE,FALSE,FALSE
http://www.linkedin.com/company/cosmofeed,Cosmofeed,FALSE,FALSE,FALSE,FALSE,FALSE,FALSE,FALSE,FALSE
https://linkedin.com/company/coverself,CoverSelf,FALSE,FALSE,FALSE,FALSE,FALSE,FALSE,FALSE,FALSE
http://linkedin.com/company/covrize/,Covrize,FALSE,FALSE,FALSE,FALSE,FALSE,FALSE,FALSE,FALSE
http://www.linkedin.com/company/cradlewise,Cradlewise,FALSE,FALSE,FALSE,FALSE,FALSE,FALSE,FALSE,FALSE
https://linkedin.com/company/thecrazeapp/about,Craze (YC S22),FALSE,FALSE,FALSE,FALSE,FALSE,FALSE,FALSE,FALSE
https://linkedin.com/company/creativegalileo/about,Creative Galileo,FALSE,FALSE,FALSE,FALSE,FALSE,FALSE,FALSE,FALSE
http://www.linkedin.com/company/cred-ai,cred.ai,FALSE,FALSE,FALSE,FALSE,FALSE,FALSE,FALSE,FALSE
https://linkedin.com/company/credable.in/about,CredAble,FALSE,FALSE,FALSE,FALSE,FALSE,FALSE,FALSE,FALSE
http://www.linkedin.com/company/credflow,Credflow,FALSE,FALSE,FALSE,FALSE,FALSE,FALSE,FALSE,FALSE
https://linkedin.com/company/credihealth/about,Credihealth,FALSE,FALSE,FALSE,FALSE,FALSE,FALSE,FALSE,FALSE
http://www.linkedin.com/company/credibase,Credibase,FALSE,FALSE,FALSE,FALSE,FALSE,FALSE,FALSE,FALSE
https://linkedin.com/company/creditnirvana,CreditNirvana,FALSE,FALSE,FALSE,FALSE,FALSE,FALSE,FALSE,FALSE
https://linkedin.com/company/creditenable/about,CreditEnable,FALSE,FALSE,FALSE,FALSE,FALSE,FALSE,FALSE,FALSE
https://linkedin.com/company/credochain-technologies-pvt-ltd,Credochain,FALSE,FALSE,FALSE,FALSE,FALSE,FALSE,FALSE,FALSE
https://linkedin.com/company/get-crest/mycompany,Crest,FALSE,FALSE,FALSE,FALSE,FALSE,FALSE,FALSE,FALSE
http://www.linkedin.com/company/cricnwin,Cricnwin,FALSE,FALSE,FALSE,FALSE,FALSE,FALSE,FALSE,FALSE
https://in.linkedin.com/company/crisptag,SAASMART PRIVATE LIMITED,FALSE,FALSE,FALSE,FALSE,FALSE,FALSE,FALSE,FALSE
https://linkedin.com/company/crypso/about,Crypso,FALSE,FALSE,FALSE,FALSE,FALSE,FALSE,FALSE,FALSE
https://linkedin.com/company/cubyts,Cubyts,FALSE,FALSE,FALSE,FALSE,FALSE,FALSE,FALSE,FALSE
https://www.linkedin.com/company/culturro/,Culturro,FALSE,FALSE,FALSE,FALSE,FALSE,FALSE,FALSE,FALSE
https://in.linkedin.com/company/curieo,Curieo,FALSE,FALSE,FALSE,FALSE,FALSE,FALSE,FALSE,FALSE
http://linkedin.com/company/curofy,RoundGlass Cross,FALSE,FALSE,FALSE,FALSE,FALSE,FALSE,FALSE,FALSE
https://linkedin.com/company/curiousjr,CuriousJr,FALSE,FALSE,FALSE,FALSE,FALSE,FALSE,FALSE,FALSE
http://www.linkedin.com/company/cushman-&-wakefield,Cushman & Wakefield,FALSE,FALSE,FALSE,FALSE,FALSE,FALSE,FALSE,FALSE
https://linkedin.com/company/cypherock,Cypherock,FALSE,FALSE,FALSE,FALSE,FALSE,FALSE,FALSE,FALSE
http://linkedin.com/company/daffodilhealth,Daffodil Health,FALSE,FALSE,FALSE,FALSE,FALSE,FALSE,FALSE,FALSE
http://www.linkedin.com/company/daloopa,Daloopa,FALSE,FALSE,FALSE,FALSE,FALSE,FALSE,FALSE,FALSE
https://linkedin.com/company/dangal-games/mycompany,Dangal Games,FALSE,FALSE,FALSE,FALSE,FALSE,FALSE,FALSE,FALSE
https://linkedin.com/company/dass-scientific-research-labs-private-limited/about,DASS SCIENTIFIC RESEARCH LABS PRIVATE LIMITED,FALSE,FALSE,FALSE,FALSE,FALSE,FALSE,FALSE,FALSE
https://linkedin.com/company/dataresolve-technologies,Data Resolve Technologies,FALSE,FALSE,FALSE,FALSE,FALSE,FALSE,FALSE,FALSE
https://linkedin.com/company/data-sutram,Data Sutram,FALSE,FALSE,FALSE,FALSE,FALSE,FALSE,FALSE,FALSE
https://www.linkedin.com/company/datalog.ai/,"Datalog, Inc.",FALSE,FALSE,FALSE,FALSE,FALSE,FALSE,FALSE,FALSE
https://linkedin.com/company/datsme,Datsme,FALSE,FALSE,FALSE,FALSE,FALSE,FALSE,FALSE,FALSE
https://linkedin.com/company/therealdcodeai/about,MethdAI - The AI Learning Platform,FALSE,FALSE,FALSE,FALSE,FALSE,FALSE,FALSE,FALSE
http://linkedin.com/company/decimlapp/,Deciml App,FALSE,FALSE,FALSE,FALSE,FALSE,FALSE,FALSE,FALSE
https://linkedin.com/company/deepsight-ai-labs,DeepSight AI Labs Pvt Ltd,FALSE,FALSE,FALSE,FALSE,FALSE,FALSE,FALSE,FALSE
http://www.linkedin.com/company/degpeg,degpeg,FALSE,FALSE,FALSE,FALSE,FALSE,FALSE,FALSE,FALSE
https://linkedin.com/company/deliverr-inc/about,Deliverr Inc.,FALSE,FALSE,FALSE,FALSE,FALSE,FALSE,FALSE,FALSE
http://www.linkedin.com/company/dentistry-ai,Dentistry.AI,FALSE,FALSE,FALSE,FALSE,FALSE,FALSE,FALSE,FALSE
https://linkedin.com/company/design-cafe,Design Cafe,FALSE,FALSE,FALSE,FALSE,FALSE,FALSE,FALSE,FALSE
https://linkedin.com/company/devdarshan,DevDarshan,FALSE,FALSE,FALSE,FALSE,FALSE,FALSE,FALSE,FALSE
https://linkedin.com/company/devtron-labs,Devtron Inc.,FALSE,FALSE,FALSE,FALSE,FALSE,FALSE,FALSE,FALSE
http://www.linkedin.com/company/dhiyo-ai,Dhiyo.ai,FALSE,FALSE,FALSE,FALSE,FALSE,FALSE,FALSE,FALSE
http://linkedin.com/company/dice-tech-uk,Dice Tech UK,FALSE,FALSE,FALSE,FALSE,FALSE,FALSE,FALSE,FALSE
http://www.linkedin.com/company/digilytics-ai,Digilytics AI,FALSE,FALSE,FALSE,FALSE,FALSE,FALSE,FALSE,FALSE
http://www.linkedin.com/company/digital-aristotle,Digital Aristotle,FALSE,FALSE,FALSE,FALSE,FALSE,FALSE,FALSE,FALSE
http://www.linkedin.com/company/digitap-ai,Digitap.ai,FALSE,FALSE,FALSE,FALSE,FALSE,FALSE,FALSE,FALSE
https://linkedin.com/company/disecto/about,Disecto,FALSE,FALSE,FALSE,FALSE,FALSE,FALSE,FALSE,FALSE
https://linkedin.com/company/docplexus-online-services-pvt-ltd-,Docplexus,FALSE,FALSE,FALSE,FALSE,FALSE,FALSE,FALSE,FALSE
https://linkedin.com/company/dojimanetwork,Dojima Network,FALSE,FALSE,FALSE,FALSE,FALSE,FALSE,FALSE,FALSE
https://linkedin.com/company/dolphinchat/about,DolphinChat (Formerly CivilCops),FALSE,FALSE,FALSE,FALSE,FALSE,FALSE,FALSE,FALSE
https://linkedin.com/company/doxper,Doxper | a meddo health brand,FALSE,FALSE,FALSE,FALSE,FALSE,FALSE,FALSE,FALSE
https://linkedin.com/company/dozee-health,Dozee,FALSE,FALSE,FALSE,FALSE,FALSE,FALSE,FALSE,FALSE
https://linkedin.com/company/drinkprime,DrinkPrime,FALSE,FALSE,FALSE,FALSE,FALSE,FALSE,FALSE,FALSE
https://www.linkedin.com/company/4th-dymension-teknocrats,4th Dymension Teknocrats India LLP,FALSE,FALSE,FALSE,FALSE,FALSE,FALSE,FALSE,FALSE
https://linkedin.com/company/drivezy,Drivezy,FALSE,FALSE,FALSE,FALSE,FALSE,FALSE,FALSE,FALSE
https://linkedin.com/company/drivetrainai,Drivetrain,FALSE,FALSE,FALSE,FALSE,FALSE,FALSE,FALSE,FALSE
https://linkedin.com/company/driveu/about,DriveU,FALSE,FALSE,FALSE,FALSE,FALSE,FALSE,FALSE,FALSE
https://linkedin.com/company/dron-digital-services/about,Dron Digital Services,FALSE,FALSE,FALSE,FALSE,FALSE,FALSE,FALSE,FALSE
https://linkedin.com/company/drona-automations-pvt-ltd,Drona Automations,FALSE,FALSE,FALSE,FALSE,FALSE,FALSE,FALSE,FALSE
https://www.linkedin.com/company/deltecs-infotech,DronaHQ,FALSE,FALSE,FALSE,FALSE,FALSE,FALSE,FALSE,FALSE
http://linkedin.com/company/dronamaps-pvt-ltd,DronaMaps,FALSE,FALSE,FALSE,FALSE,FALSE,FALSE,FALSE,FALSE
https://www.linkedin.com/company/dsyh,DSYH,FALSE,FALSE,FALSE,FALSE,FALSE,FALSE,FALSE,FALSE
https://in.linkedin.com/company/dugnad-ai,Dugnad.ai,FALSE,FALSE,FALSE,FALSE,FALSE,FALSE,FALSE,FALSE
http://www.linkedin.com/company/e42dotai,E42.ai,FALSE,FALSE,FALSE,FALSE,FALSE,FALSE,FALSE,FALSE
https://linkedin.com/company/earth-fokus,EarthFokus,FALSE,FALSE,FALSE,FALSE,FALSE,FALSE,FALSE,FALSE
https://linkedin.com/company/easyecom,EASYECOM,FALSE,FALSE,FALSE,FALSE,FALSE,FALSE,FALSE,FALSE
http://linkedin.com/company/easyrewardz,Easyrewardz Software Services,FALSE,FALSE,FALSE,FALSE,FALSE,FALSE,FALSE,FALSE
https://www.linkedin.com/company/edall-systems,EDALL SYSTEMS,FALSE,FALSE,FALSE,FALSE,FALSE,FALSE,FALSE,FALSE
https://linkedin.com/company/getedge,EDGE,FALSE,FALSE,FALSE,FALSE,FALSE,FALSE,FALSE,FALSE
https://linkedin.com/company/edgegrid,EdgeGrid,FALSE,FALSE,FALSE,FALSE,FALSE,FALSE,FALSE,FALSE
http://linkedin.com/company/edgetensor,edgetensor,FALSE,FALSE,FALSE,FALSE,FALSE,FALSE,FALSE,FALSE
https://linkedin.com/company/edgistify-givingedgetoyoursupplychain/about,Edgistify,FALSE,FALSE,FALSE,FALSE,FALSE,FALSE,FALSE,FALSE
http://linkedin.com/company/edubridge-learning-pvt.-ltd.,EduBridge Learning Pvt. Ltd.,FALSE,FALSE,FALSE,FALSE,FALSE,FALSE,FALSE,FALSE
http://www.linkedin.com/company/edustoke,Edustoke,FALSE,FALSE,FALSE,FALSE,FALSE,FALSE,FALSE,FALSE
http://linkedin.com/company/edustack-ai/,Edustack,FALSE,FALSE,FALSE,FALSE,FALSE,FALSE,FALSE,FALSE
https://www.linkedin.com/company/eduvanz,Eduvanz,FALSE,FALSE,FALSE,FALSE,FALSE,FALSE,FALSE,FALSE
https://www.linkedin.com/company/eedge-ai/,eedge.ai,FALSE,FALSE,FALSE,FALSE,FALSE,FALSE,FALSE,FALSE
http://linkedin.com/company/electorq-technologies/,Baaz Bikes,FALSE,FALSE,FALSE,FALSE,FALSE,FALSE,FALSE,FALSE
http://www.linkedin.com/company/elevate-so,ElevateHQ,FALSE,FALSE,FALSE,FALSE,FALSE,FALSE,FALSE,FALSE
https://linkedin.com/company/embifi,Embifi,FALSE,FALSE,FALSE,FALSE,FALSE,FALSE,FALSE,FALSE
https://www.linkedin.com/company/promorph-solutions-pvt--ltd-,EmpowerU (Promorph Solutions),FALSE,FALSE,FALSE,FALSE,FALSE,FALSE,FALSE,FALSE
https://linkedin.com/company/endimension-technology-private-limited/about,Endimension Technology Private Limited,FALSE,FALSE,FALSE,FALSE,FALSE,FALSE,FALSE,FALSE
https://linkedin.com/company/enerlly-com-inizent-internet-solutions-pvt-ltd/about,Enerlly,FALSE,FALSE,FALSE,FALSE,FALSE,FALSE,FALSE,FALSE
https://www.linkedin.com/company/engineer.ai/,Engineer.ai,FALSE,FALSE,FALSE,FALSE,FALSE,FALSE,FALSE,FALSE
https://linkedin.com/company/enparadigm,enParadigm,FALSE,FALSE,FALSE,FALSE,FALSE,FALSE,FALSE,FALSE
https://linkedin.com/company/enrichvideo,Enrich,FALSE,FALSE,FALSE,FALSE,FALSE,FALSE,FALSE,FALSE
https://linkedin.com/company/entero-healthcare/about,Entero Healthcare,FALSE,FALSE,FALSE,FALSE,FALSE,FALSE,FALSE,FALSE
https://linkedin.com/company/eronkan/about,EroNkan Technologies,FALSE,FALSE,FALSE,FALSE,FALSE,FALSE,FALSE,FALSE
http://linkedin.com/company/estee,Estee,FALSE,FALSE,FALSE,FALSE,FALSE,FALSE,FALSE,FALSE
http://linkedin.com/company/eternus-solutions-private-limited,Eternus Solutions (Now InfoBeans),FALSE,FALSE,FALSE,FALSE,FALSE,FALSE,FALSE,FALSE
https://linkedin.com/company/evurjaa/about,EV Urjaa,FALSE,FALSE,FALSE,FALSE,FALSE,FALSE,FALSE,FALSE
http://linkedin.com/company/even,Even,FALSE,FALSE,FALSE,FALSE,FALSE,FALSE,FALSE,FALSE
http://linkedin.com/company/eventjini,Eventjini,FALSE,FALSE,FALSE,FALSE,FALSE,FALSE,FALSE,FALSE
http://linkedin.com/company/evolutionco/,EvolutionCo Digital | Customer Experience Design & Marketing Agency,FALSE,FALSE,FALSE,FALSE,FALSE,FALSE,FALSE,FALSE
http://www.linkedin.com/company/exambazaar,Exambazaar,FALSE,FALSE,FALSE,FALSE,FALSE,FALSE,FALSE,FALSE
http://www.linkedin.com/company/exly,Exly,FALSE,FALSE,FALSE,FALSE,FALSE,FALSE,FALSE,FALSE
https://linkedin.com/company/explurger,Explurger,FALSE,FALSE,FALSE,FALSE,FALSE,FALSE,FALSE,FALSE
https://linkedin.com/company/express-stores,Express Stores,FALSE,FALSE,FALSE,FALSE,FALSE,FALSE,FALSE,FALSE
http://linkedin.com/company/ezcred-private-limited,EzCred Private Limited,FALSE,FALSE,FALSE,FALSE,FALSE,FALSE,FALSE,FALSE
http://www.linkedin.com/company/eze-ai,EZE.AI,FALSE,FALSE,FALSE,FALSE,FALSE,FALSE,FALSE,FALSE
http://linkedin.com/company/ezedox,ezeDox (Acquired by Betterplace),FALSE,FALSE,FALSE,FALSE,FALSE,FALSE,FALSE,FALSE
https://linkedin.com/company/ezetap-mobile-solutions-pvt-ltd,Ezetap by Razorpay,FALSE,FALSE,FALSE,FALSE,FALSE,FALSE,FALSE,FALSE
https://linkedin.com/company/fabheads-automation/about,Fabheads Automation,FALSE,FALSE,FALSE,FALSE,FALSE,FALSE,FALSE,FALSE
http://linkedin.com/company/facilio-inc,Facilio,FALSE,FALSE,FALSE,FALSE,FALSE,FALSE,FALSE,FALSE
http://www.linkedin.com/company/factri-ai,Factri.Ai,FALSE,FALSE,FALSE,FALSE,FALSE,FALSE,FALSE,FALSE
https://linkedin.com/company/falconfs/about,Falcon,FALSE,FALSE,FALSE,FALSE,FALSE,FALSE,FALSE,FALSE
https://linkedin.com/company/fanplay-iot,FANPLAY IoT,FALSE,FALSE,FALSE,FALSE,FALSE,FALSE,FALSE,FALSE
https://linkedin.com/company/fantasyakhada,Fantasy Akhada,FALSE,FALSE,FALSE,FALSE,FALSE,FALSE,FALSE,FALSE
https://linkedin.com/company/farmart-app-os/about,FarMart,FALSE,FALSE,FALSE,FALSE,FALSE,FALSE,FALSE,FALSE
https://linkedin.com/company/farmveda,Farmveda,FALSE,FALSE,FALSE,FALSE,FALSE,FALSE,FALSE,FALSE
https://linkedin.com/company/fashinza,Fashinza,FALSE,FALSE,FALSE,FALSE,FALSE,FALSE,FALSE,FALSE
http://www.linkedin.com/company/fellowship-ai,Fellowship.AI,FALSE,FALSE,FALSE,FALSE,FALSE,FALSE,FALSE,FALSE
http://linkedin.com/company/ferns-n-petals,Ferns n Petals,FALSE,FALSE,FALSE,FALSE,FALSE,FALSE,FALSE,FALSE
https://linkedin.com/company/fiacre-telematics-pvt-ltd/about,CabStop (Fiacre Telematics Pvt Ltd),FALSE,FALSE,FALSE,FALSE,FALSE,FALSE,FALSE,FALSE
https://linkedin.com/company/fifthtry,FifthTry,FALSE,FALSE,FALSE,FALSE,FALSE,FALSE,FALSE,FALSE
https://linkedin.com/company/filoedtech,Filo,FALSE,FALSE,FALSE,FALSE,FALSE,FALSE,FALSE,FALSE
http://www.linkedin.com/company/financepeer,LEO1,FALSE,FALSE,FALSE,FALSE,FALSE,FALSE,FALSE,FALSE
http://linkedin.com/company/finly.io,Sage AP Automation,FALSE,FALSE,FALSE,FALSE,FALSE,FALSE,FALSE,FALSE
https://linkedin.com/company/finovate-capital,Finovate Capital,FALSE,FALSE,FALSE,FALSE,FALSE,FALSE,FALSE,FALSE
http://www.linkedin.com/company/fireflies-inc,Fireflies.ai,FALSE,FALSE,FALSE,FALSE,FALSE,FALSE,FALSE,FALSE
https://linkedin.com/company/fitbots,Fitbots OKRs,FALSE,FALSE,FALSE,FALSE,FALSE,FALSE,FALSE,FALSE
https://linkedin.com/company/fitpass,FITPASS,FALSE,FALSE,FALSE,FALSE,FALSE,FALSE,FALSE,FALSE
http://linkedin.com/company/fittr,FITTR,FALSE,FALSE,FALSE,FALSE,FALSE,FALSE,FALSE,FALSE
https://linkedin.com/company/fitterfly,Fitterfly,FALSE,FALSE,FALSE,FALSE,FALSE,FALSE,FALSE,FALSE
https://linkedin.com/company/getfleekapp,Fleek,FALSE,FALSE,FALSE,FALSE,FALSE,FALSE,FALSE,FALSE
http://linkedin.com/company/flexc,FlexC,FALSE,FALSE,FALSE,FALSE,FALSE,FALSE,FALSE,FALSE
https://linkedin.com/company/flexmoney-technologies-pvt-ltd,Flexmoney Technologies Pvt Ltd,FALSE,FALSE,FALSE,FALSE,FALSE,FALSE,FALSE,FALSE
https://linkedin.com/company/flipitmoneyofficial,flipitmoney,FALSE,FALSE,FALSE,FALSE,FALSE,FALSE,FALSE,FALSE
https://linkedin.com/company/flipspaces,Flipspaces,FALSE,FALSE,FALSE,FALSE,FALSE,FALSE,FALSE,FALSE
https://www.linkedin.com/company/flocareer?trk=cws-cpw-coname-0-0,FloCareer,FALSE,FALSE,FALSE,FALSE,FALSE,FALSE,FALSE,FALSE
https://linkedin.com/company/flixstock/about,FlixStock,FALSE,FALSE,FALSE,FALSE,FALSE,FALSE,FALSE,FALSE
https://linkedin.com/company/flobiz,FloBiz,FALSE,FALSE,FALSE,FALSE,FALSE,FALSE,FALSE,FALSE
https://linkedin.com/company/florence-capital-india/about,Florence Capital,FALSE,FALSE,FALSE,FALSE,FALSE,FALSE,FALSE,FALSE
https://www.linkedin.com/company/flurn/,Flurn,FALSE,FALSE,FALSE,FALSE,FALSE,FALSE,FALSE,FALSE
http://linkedin.com/company/fluxgen-engineering-technologies,FluxGen Technologies,FALSE,FALSE,FALSE,FALSE,FALSE,FALSE,FALSE,FALSE
https://linkedin.com/company/flyzy/about,Flyzy,FALSE,FALSE,FALSE,FALSE,FALSE,FALSE,FALSE,FALSE
https://in.linkedin.com/company/follysystems,Folly Systems (now True Sparrow),FALSE,FALSE,FALSE,FALSE,FALSE,FALSE,FALSE,FALSE
http://www.linkedin.com/company/forbinary,forBinary,FALSE,FALSE,FALSE,FALSE,FALSE,FALSE,FALSE,FALSE
https://www.linkedin.com/company/fortocompany/,Forto,FALSE,FALSE,FALSE,FALSE,FALSE,FALSE,FALSE,FALSE
http://linkedin.com/company/foyr,Foyr,FALSE,FALSE,FALSE,FALSE,FALSE,FALSE,FALSE,FALSE
https://linkedin.com/company/fr-8/about,FR8,FALSE,FALSE,FALSE,FALSE,FALSE,FALSE,FALSE,FALSE
https://linkedin.com/company/fraazo,Fraazo,FALSE,FALSE,FALSE,FALSE,FALSE,FALSE,FALSE,FALSE
http://linkedin.com/company/framebench,Framebench (acquired by Freshdesk Inc),FALSE,FALSE,FALSE,FALSE,FALSE,FALSE,FALSE,FALSE
http://linkedin.com/company/freshersworld-com,Freshersworld.com,FALSE,FALSE,FALSE,FALSE,FALSE,FALSE,FALSE,FALSE
https://linkedin.com/company/fudr,Fudr,FALSE,FALSE,FALSE,FALSE,FALSE,FALSE,FALSE,FALSE
https://linkedin.com/company/fydoin/about,Fydo,FALSE,FALSE,FALSE,FALSE,FALSE,FALSE,FALSE,FALSE
https://linkedin.com/company/fyllo-tech,Fyllo,FALSE,FALSE,FALSE,FALSE,FALSE,FALSE,FALSE,FALSE
http://linkedin.com/company/g-square-solutions-pvt-ltd,G-Square Solutions Pvt Ltd,FALSE,FALSE,FALSE,FALSE,FALSE,FALSE,FALSE,FALSE
http://linkedin.com/company/gaia-design,GAIA Design,FALSE,FALSE,FALSE,FALSE,FALSE,FALSE,FALSE,FALSE
https://www.linkedin.com/company/galleri5,galleri5,FALSE,FALSE,FALSE,FALSE,FALSE,FALSE,FALSE,FALSE
http://www.linkedin.com/company/gameface-ai,GAMEFACE.AI,FALSE,FALSE,FALSE,FALSE,FALSE,FALSE,FALSE,FALSE
http://linkedin.com/company/gamooga-softtech-pvt-ltd-,Gamooga,FALSE,FALSE,FALSE,FALSE,FALSE,FALSE,FALSE,FALSE
http://linkedin.com/company/gateforum,GateForum,FALSE,FALSE,FALSE,FALSE,FALSE,FALSE,FALSE,FALSE
https://linkedin.com/company/gatewayvr/about,GatewayVR,FALSE,FALSE,FALSE,FALSE,FALSE,FALSE,FALSE,FALSE
https://linkedin.com/company/geek-labs,Geek Labs,FALSE,FALSE,FALSE,FALSE,FALSE,FALSE,FALSE,FALSE
http://linkedin.com/company/geeksynergy-technologies-pvt--ltd-,Geeksynergy Technologies Pvt. Ltd.,FALSE,FALSE,FALSE,FALSE,FALSE,FALSE,FALSE,FALSE
https://linkedin.com/company/sayogenie,GenieTalk.ai,FALSE,FALSE,FALSE,FALSE,FALSE,FALSE,FALSE,FALSE
https://linkedin.com/company/geoiq-io,GeoIQ,FALSE,FALSE,FALSE,FALSE,FALSE,FALSE,FALSE,FALSE
https://www.linkedin.com/company/germin8,Germin8,FALSE,FALSE,FALSE,FALSE,FALSE,FALSE,FALSE,FALSE
http://linkedin.com/company/getactive,Getactive,FALSE,FALSE,FALSE,FALSE,FALSE,FALSE,FALSE,FALSE
http://linkedin.com/company/retailnav,GetFocus - Contextual Marketing through Retail Analytics,FALSE,FALSE,FALSE,FALSE,FALSE,FALSE,FALSE,FALSE
http://www.linkedin.com/company/getmeashop,GetMeAShop,FALSE,FALSE,FALSE,FALSE,FALSE,FALSE,FALSE,FALSE
https://linkedin.com/company/giftolexia/about,Giftolexia Solutions Private Limited,FALSE,FALSE,FALSE,FALSE,FALSE,FALSE,FALSE,FALSE
http://www.linkedin.com/company/gimbooks,GimBooks,FALSE,FALSE,FALSE,FALSE,FALSE,FALSE,FALSE,FALSE
http://linkedin.com/company/ginni-systems-ltd,Ginesys One,FALSE,FALSE,FALSE,FALSE,FALSE,FALSE,FALSE,FALSE
https://linkedin.com/company/gmoney-in,GMoney,FALSE,FALSE,FALSE,FALSE,FALSE,FALSE,FALSE,FALSE
https://linkedin.com/company/goals101/about,Goals101,FALSE,FALSE,FALSE,FALSE,FALSE,FALSE,FALSE,FALSE
https://linkedin.com/company/gobumpr-/about,GoBumpr-myTVS,FALSE,FALSE,FALSE,FALSE,FALSE,FALSE,FALSE,FALSE
http://www.linkedin.com/company/goglocal,goGLOCAL,FALSE,FALSE,FALSE,FALSE,FALSE,FALSE,FALSE,FALSE
http://linkedin.com/company/gogo-vision-ltd,GOGO VISION LTD,FALSE,FALSE,FALSE,FALSE,FALSE,FALSE,FALSE,FALSE
https://www.linkedin.com/company/gofind,XR Web,FALSE,FALSE,FALSE,FALSE,FALSE,FALSE,FALSE,FALSE
https://www.linkedin.com/company/gofloaters/,GoFloaters,FALSE,FALSE,FALSE,FALSE,FALSE,FALSE,FALSE,FALSE
https://linkedin.com/company/gogobusglobal/about,gogoBus,FALSE,FALSE,FALSE,FALSE,FALSE,FALSE,FALSE,FALSE
https://linkedin.com/company/goinfluencer,GOinfluencer,FALSE,FALSE,FALSE,FALSE,FALSE,FALSE,FALSE,FALSE
http://linkedin.com/company/gogo-truck,GoGo Truck,FALSE,FALSE,FALSE,FALSE,FALSE,FALSE,FALSE,FALSE
https://linkedin.com/company/goodbox,Goodbox,FALSE,FALSE,FALSE,FALSE,FALSE,FALSE,FALSE,FALSE
https://linkedin.com/company/gordian-technologies-private-limited,Gordian,FALSE,FALSE,FALSE,FALSE,FALSE,FALSE,FALSE,FALSE
http://www.linkedin.com/company/grabon,GrabOn,FALSE,FALSE,FALSE,FALSE,FALSE,FALSE,FALSE,FALSE
https://linkedin.com/company/gradeazy,Gradeazy,FALSE,FALSE,FALSE,FALSE,FALSE,FALSE,FALSE,FALSE
https://in.linkedin.com/company/grainpad,GRAINPAD Private Limited,FALSE,FALSE,FALSE,FALSE,FALSE,FALSE,FALSE,FALSE
https://linkedin.com/company/gramophone.co.in,Gramophone,FALSE,FALSE,FALSE,FALSE,FALSE,FALSE,FALSE,FALSE
http://linkedin.com/company/greedygame-media,GreedyGame,FALSE,FALSE,FALSE,FALSE,FALSE,FALSE,FALSE,FALSE
http://linkedin.com/company/green-robot-machinery,Green Robot Machinery,FALSE,FALSE,FALSE,FALSE,FALSE,FALSE,FALSE,FALSE
https://www.linkedin.com/company/gridlogics-technologies-pvt--ltd-,PatSeer,FALSE,FALSE,FALSE,FALSE,FALSE,FALSE,FALSE,FALSE
https://in.linkedin.com/company/grizmo-labs,Grizmo Labs | Empowering Tech Startups|,FALSE,FALSE,FALSE,FALSE,FALSE,FALSE,FALSE,FALSE
https://linkedin.com/company/gromofintech/about,GroMo,FALSE,FALSE,FALSE,FALSE,FALSE,FALSE,FALSE,FALSE
https://linkedin.com/company/grow-indigo-pvt-ltd,Grow Indigo,FALSE,FALSE,FALSE,FALSE,FALSE,FALSE,FALSE,FALSE
http://www.linkedin.com/company/grow-fit-healthzone-organic-foods-pvt.-ltd.-,Grow Fit (Healthzone Organic Foods Pvt. Ltd.),FALSE,FALSE,FALSE,FALSE,FALSE,FALSE,FALSE,FALSE
http://www.linkedin.com/company/guarented,Guarented,FALSE,FALSE,FALSE,FALSE,FALSE,FALSE,FALSE,FALSE
https://www.linkedin.com/company/guise-ai/,Guise AI,FALSE,FALSE,FALSE,FALSE,FALSE,FALSE,FALSE,FALSE
https://linkedin.com/company/guitaa,Guitaa Music,FALSE,FALSE,FALSE,FALSE,FALSE,FALSE,FALSE,FALSE
https://linkedin.com/company/gumlet/about,Gumlet,FALSE,FALSE,FALSE,FALSE,FALSE,FALSE,FALSE,FALSE
https://linkedin.com/company/gullak-money,Gullak: India's Savings App,FALSE,FALSE,FALSE,FALSE,FALSE,FALSE,FALSE,FALSE
http://linkedin.com/company/guruji.com,Guruji.com,FALSE,FALSE,FALSE,FALSE,FALSE,FALSE,FALSE,FALSE
http://linkedin.com/company/gyandhan,GyanDhan,FALSE,FALSE,FALSE,FALSE,FALSE,FALSE,FALSE,FALSE
http://linkedin.com/company/gympik-health-solutions-pvt-ltd,RoundGlass Gympik,FALSE,FALSE,FALSE,FALSE,FALSE,FALSE,FALSE,FALSE
https://www.linkedin.com/company/haber-tech/,Haber,FALSE,FALSE,FALSE,FALSE,FALSE,FALSE,FALSE,FALSE
https://linkedin.com/company/habitate-io,Habitate,FALSE,FALSE,FALSE,FALSE,FALSE,FALSE,FALSE,FALSE
http://linkedin.com/company/haikujam,HaikuJAM,FALSE,FALSE,FALSE,FALSE,FALSE,FALSE,FALSE,FALSE
http://linkedin.com/company/haltdos,Haltdos,FALSE,FALSE,FALSE,FALSE,FALSE,FALSE,FALSE,FALSE
http://linkedin.com/company/handyhome,HandyHome (Acquired by UrbanClap),FALSE,FALSE,FALSE,FALSE,FALSE,FALSE,FALSE,FALSE
http://www.linkedin.com/company/happy-adda-studios-pvt-ltd,Happy Adda Studios Pvt Ltd,FALSE,FALSE,FALSE,FALSE,FALSE,FALSE,FALSE,FALSE
https://linkedin.com/company/harmoney,Harmoney,FALSE,FALSE,FALSE,FALSE,FALSE,FALSE,FALSE,FALSE
http://linkedin.com/company/hasgeek,Hasgeek,FALSE,FALSE,FALSE,FALSE,FALSE,FALSE,FALSE,FALSE
https://linkedin.com/company/hashtag-loyalty/about,Hashtag Loyalty,FALSE,FALSE,FALSE,FALSE,FALSE,FALSE,FALSE,FALSE
http://linkedin.com/company/hate2wait,hate2wait,FALSE,FALSE,FALSE,FALSE,FALSE,FALSE,FALSE,FALSE
https://www.linkedin.com/company/haystackanalytics/,HaystackAnalytics,FALSE,FALSE,FALSE,FALSE,FALSE,FALSE,FALSE,FALSE
https://linkedin.com/company/healofy,Healofy,FALSE,FALSE,FALSE,FALSE,FALSE,FALSE,FALSE,FALSE
https://linkedin.com/company/healthsensei/about,Health Sensei,FALSE,FALSE,FALSE,FALSE,FALSE,FALSE,FALSE,FALSE
https://www.linkedin.com/company/healthassure,HealthAssure,FALSE,FALSE,FALSE,FALSE,FALSE,FALSE,FALSE,FALSE
https://www.linkedin.com/company/healthelife-platform,EHR.Network,FALSE,FALSE,FALSE,FALSE,FALSE,FALSE,FALSE,FALSE
http://linkedin.com/company/healthmir,HealthMir,FALSE,FALSE,FALSE,FALSE,FALSE,FALSE,FALSE,FALSE
https://in.linkedin.com/company/usehelppr,Helppr,FALSE,FALSE,FALSE,FALSE,FALSE,FALSE,FALSE,FALSE
http://linkedin.com/company/herald-logic,Herald Logic Pvt Ltd,FALSE,FALSE,FALSE,FALSE,FALSE,FALSE,FALSE,FALSE
http://www.linkedin.com/company/hertz-ai,HertzAI,FALSE,FALSE,FALSE,FALSE,FALSE,FALSE,FALSE,FALSE
http://www.linkedin.com/company/heu-ai,heu.ai,FALSE,FALSE,FALSE,FALSE,FALSE,FALSE,FALSE,FALSE
https://linkedin.com/company/hexahealth,HexaHealth,FALSE,FALSE,FALSE,FALSE,FALSE,FALSE,FALSE,FALSE
http://linkedin.com/company/heymath,HeyMath!,FALSE,FALSE,FALSE,FALSE,FALSE,FALSE,FALSE,FALSE
https://www.linkedin.com/company/hijinny-com,hijinny.com,FALSE,FALSE,FALSE,FALSE,FALSE,FALSE,FALSE,FALSE
https://in.linkedin.com/company/hilifeai,HILIFE.AI PVT LTD,FALSE,FALSE,FALSE,FALSE,FALSE,FALSE,FALSE,FALSE
http://linkedin.com/company/hira-hrtech/,HIRA,FALSE,FALSE,FALSE,FALSE,FALSE,FALSE,FALSE,FALSE
https://linkedin.com/company/hirehunch,HireHunch,FALSE,FALSE,FALSE,FALSE,FALSE,FALSE,FALSE,FALSE
https://linkedin.com/company/hivericks,Hivericks Technologies,FALSE,FALSE,FALSE,FALSE,FALSE,FALSE,FALSE,FALSE
https://linkedin.com/company/honda-motorcycle-&-scooter-india-pvt.-ltd.,Honda Motorcycle & Scooter India Pvt. Ltd.,FALSE,FALSE,FALSE,FALSE,FALSE,FALSE,FALSE,FALSE
http://linkedin.com/company/connectwithhono,HONO,FALSE,FALSE,FALSE,FALSE,FALSE,FALSE,FALSE,FALSE
https://it.linkedin.com/company/hora,Hora.AI,FALSE,FALSE,FALSE,FALSE,FALSE,FALSE,FALSE,FALSE
https://linkedin.com/company/hostbooks,"HostBooks, Inc.",FALSE,FALSE,FALSE,FALSE,FALSE,FALSE,FALSE,FALSE
http://linkedin.com/company/hubbler.mobi/,Hubler,FALSE,FALSE,FALSE,FALSE,FALSE,FALSE,FALSE,FALSE
https://linkedin.com/company/hudle/about,Hudle,FALSE,FALSE,FALSE,FALSE,FALSE,FALSE,FALSE,FALSE
https://linkedin.com/company/huemn,ve,FALSE,FALSE,FALSE,FALSE,FALSE,FALSE,FALSE,FALSE
https://linkedin.com/company/huloq/about,Huloq Chatbots and Analytics,FALSE,FALSE,FALSE,FALSE,FALSE,FALSE,FALSE,FALSE
http://www.linkedin.com/company/humit-app,humit (acquired by Juno),FALSE,FALSE,FALSE,FALSE,FALSE,FALSE,FALSE,FALSE
https://linkedin.com/company/hushl,Hushl,FALSE,FALSE,FALSE,FALSE,FALSE,FALSE,FALSE,FALSE
https://linkedin.com/company/hypto/about,Hypto,FALSE,FALSE,FALSE,FALSE,FALSE,FALSE,FALSE,FALSE
https://www.linkedin.com/company/icecream-labs,IceCream Labs,FALSE,FALSE,FALSE,FALSE,FALSE,FALSE,FALSE,FALSE
http://linkedin.com/company/icliniq,iCliniq - The Virtual Hospital,FALSE,FALSE,FALSE,FALSE,FALSE,FALSE,FALSE,FALSE
https://linkedin.com/company/icsinternational/about,Institute for Career Studies | ICS Career GPS,FALSE,FALSE,FALSE,FALSE,FALSE,FALSE,FALSE,FALSE
http://linkedin.com/company/idea-device-technologies,Idea Device Technologies,FALSE,FALSE,FALSE,FALSE,FALSE,FALSE,FALSE,FALSE
https://linkedin.com/company/iglobsyn,iGlobsyn Technologies,FALSE,FALSE,FALSE,FALSE,FALSE,FALSE,FALSE,FALSE
http://linkedin.com/company/igpcom,IGP.com,FALSE,FALSE,FALSE,FALSE,FALSE,FALSE,FALSE,FALSE
http://www.linkedin.com/company/ihx-india,IHX,FALSE,FALSE,FALSE,FALSE,FALSE,FALSE,FALSE,FALSE
https://www.linkedin.com/company/iitg-ai/,IITG.ai,FALSE,FALSE,FALSE,FALSE,FALSE,FALSE,FALSE,FALSE
http://www.linkedin.com/company/il&fs,IL&FS Financial Services Ltd (IFIN),FALSE,FALSE,FALSE,FALSE,FALSE,FALSE,FALSE,FALSE
https://linkedin.com/company/imagoai,ImagoAI,FALSE,FALSE,FALSE,FALSE,FALSE,FALSE,FALSE,FALSE
https://linkedin.com/company/imarticuslearning,Imarticus Learning,FALSE,FALSE,FALSE,FALSE,FALSE,FALSE,FALSE,FALSE
http://www.linkedin.com/company/impress.ai,impress.ai,FALSE,FALSE,FALSE,FALSE,FALSE,FALSE,FALSE,FALSE
http://www.linkedin.com/company/imstrong,ImStrong,FALSE,FALSE,FALSE,FALSE,FALSE,FALSE,FALSE,FALSE
http://linkedin.com/company/stylecraze-beauty-care-pvt-ltd,IncNut Digital,FALSE,FALSE,FALSE,FALSE,FALSE,FALSE,FALSE,FALSE
https://linkedin.com/company/indianmoney-com/about,IndianMoney.com,FALSE,FALSE,FALSE,FALSE,FALSE,FALSE,FALSE,FALSE
https://linkedin.com/company/indiumfinance/about,Indium Finance,FALSE,FALSE,FALSE,FALSE,FALSE,FALSE,FALSE,FALSE
http://linkedin.com/company/indusaction,Indus Action,FALSE,FALSE,FALSE,FALSE,FALSE,FALSE,FALSE,FALSE
https://in.linkedin.com/company/blp-industry-ai,Industry.AI,FALSE,FALSE,FALSE,FALSE,FALSE,FALSE,FALSE,FALSE
http://linkedin.com/company/inertial-elements,Inertial Elements,FALSE,FALSE,FALSE,FALSE,FALSE,FALSE,FALSE,FALSE
https://linkedin.com/company/inficold,Inficold,FALSE,FALSE,FALSE,FALSE,FALSE,FALSE,FALSE,FALSE
https://linkedin.com/company/infilect,Infilect,FALSE,FALSE,FALSE,FALSE,FALSE,FALSE,FALSE,FALSE
https://www.linkedin.com/company/infraeyes,InfraEyes,FALSE,FALSE,FALSE,FALSE,FALSE,FALSE,FALSE,FALSE
http://linkedin.com/company/inkmonk,Inkmonk,FALSE,FALSE,FALSE,FALSE,FALSE,FALSE,FALSE,FALSE
https://linkedin.com/company/innoctive-technologies-pvt-ltd/about,Innoctive Technologies Pvt Ltd,FALSE,FALSE,FALSE,FALSE,FALSE,FALSE,FALSE,FALSE
http://linkedin.com/company/innolat-technologies,Innolat,FALSE,FALSE,FALSE,FALSE,FALSE,FALSE,FALSE,FALSE
https://www.linkedin.com/company/innov8-coworking?trk=mini-profile,Innov8 Coworking by OYO,FALSE,FALSE,FALSE,FALSE,FALSE,FALSE,FALSE,FALSE
http://www.linkedin.com/company/insemi-technology-services-private-limited,Insemi Technology Services Pvt. Ltd.,FALSE,FALSE,FALSE,FALSE,FALSE,FALSE,FALSE,FALSE
https://linkedin.com/company/inspacco/about,Inspacco,FALSE,FALSE,FALSE,FALSE,FALSE,FALSE,FALSE,FALSE
http://www.linkedin.com/company/instasafe,InstaSafe,FALSE,FALSE,FALSE,FALSE,FALSE,FALSE,FALSE,FALSE
http://linkedin.com/company/instem,Instem,FALSE,FALSE,FALSE,FALSE,FALSE,FALSE,FALSE,FALSE
https://linkedin.com/company/intain,Intain,FALSE,FALSE,FALSE,FALSE,FALSE,FALSE,FALSE,FALSE
http://www.linkedin.com/company/intellicaai,Intellica.AI,FALSE,FALSE,FALSE,FALSE,FALSE,FALSE,FALSE,FALSE
http://linkedin.com/company/intouchapp,InTouchApp,FALSE,FALSE,FALSE,FALSE,FALSE,FALSE,FALSE,FALSE
https://linkedin.com/company/inuvest-technologies/about,Inuvest Technologies,FALSE,FALSE,FALSE,FALSE,FALSE,FALSE,FALSE,FALSE
https://in.linkedin.com/company/avazapp,Avaz Inc.,FALSE,FALSE,FALSE,FALSE,FALSE,FALSE,FALSE,FALSE
https://linkedin.com/company/inventys-pvt-ltd,Inventys Research Company Pvt Ltd,FALSE,FALSE,FALSE,FALSE,FALSE,FALSE,FALSE,FALSE
https://linkedin.com/company/invoid-technologies,Invoid (YC W21),FALSE,FALSE,FALSE,FALSE,FALSE,FALSE,FALSE,FALSE
https://linkedin.com/company/iphawk,IPHawk,FALSE,FALSE,FALSE,FALSE,FALSE,FALSE,FALSE,FALSE
https://linkedin.com/company/in-solutions_global,In-Solutions Global Ltd,FALSE,FALSE,FALSE,FALSE,FALSE,FALSE,FALSE,FALSE
https://linkedin.com/company/jan-elaaj-healthcare-pvt-ltd/about,Jan Elaaj,FALSE,FALSE,FALSE,FALSE,FALSE,FALSE,FALSE,FALSE
https://linkedin.com/company/okjavis/about,Javis,FALSE,FALSE,FALSE,FALSE,FALSE,FALSE,FALSE,FALSE
http://www.linkedin.com/company/jawaharlal-nehru-university-new-delhi,Jawaharlal Nehru University,FALSE,FALSE,FALSE,FALSE,FALSE,FALSE,FALSE,FALSE
https://linkedin.com/company/jidoka-tech,Jidoka Technologies,FALSE,FALSE,FALSE,FALSE,FALSE,FALSE,FALSE,FALSE
http://linkedin.com/company/jodopay/,Jodo,FALSE,FALSE,FALSE,FALSE,FALSE,FALSE,FALSE,FALSE
http://linkedin.com/company/johareez-com-auctions-p-ltd-,Johareez.com Auctions (P) Ltd.,FALSE,FALSE,FALSE,FALSE,FALSE,FALSE,FALSE,FALSE
https://linkedin.com/company/jubi-ai/about,HappyNation_Jubi.AI,FALSE,FALSE,FALSE,FALSE,FALSE,FALSE,FALSE,FALSE
https://linkedin.com/company/jungroolearning,Jungroo Learning,FALSE,FALSE,FALSE,FALSE,FALSE,FALSE,FALSE,FALSE
http://www.linkedin.com/company/justdoc,JustDoc (Acquired by Netmeds),FALSE,FALSE,FALSE,FALSE,FALSE,FALSE,FALSE,FALSE
http://linkedin.com/company/kagami,KagamiERP,FALSE,FALSE,FALSE,FALSE,FALSE,FALSE,FALSE,FALSE
http://linkedin.com/company/kaivalya-education-foundation,Kaivalya Education Foundation,FALSE,FALSE,FALSE,FALSE,FALSE,FALSE,FALSE,FALSE
http://www.linkedin.com/company/kaksha-ai,kaksha.ai,FALSE,FALSE,FALSE,FALSE,FALSE,FALSE,FALSE,FALSE
https://linkedin.com/company/kappian/about,KAPPIAN INTERNET RESEARCH LLP,FALSE,FALSE,FALSE,FALSE,FALSE,FALSE,FALSE,FALSE
https://linkedin.com/company/karnivalapp/about,Karnival,FALSE,FALSE,FALSE,FALSE,FALSE,FALSE,FALSE,FALSE
https://linkedin.com/company/karo-sambhav-private-limited,Karo Sambhav,FALSE,FALSE,FALSE,FALSE,FALSE,FALSE,FALSE,FALSE
http://www.linkedin.com/company/kayrros,Kayrros,FALSE,FALSE,FALSE,FALSE,FALSE,FALSE,FALSE,FALSE
https://linkedin.com/company/kenko-health,Kenko Health,FALSE,FALSE,FALSE,FALSE,FALSE,FALSE,FALSE,FALSE
https://linkedin.com/company/ketto-online-ventures-private-limited,Ketto,FALSE,FALSE,FALSE,FALSE,FALSE,FALSE,FALSE,FALSE
https://linkedin.com/company/khabri-app/about,Khabri Audio Platform,FALSE,FALSE,FALSE,FALSE,FALSE,FALSE,FALSE,FALSE
https://linkedin.com/company/kidex,KidEx Venture Private Limited,FALSE,FALSE,FALSE,FALSE,FALSE,FALSE,FALSE,FALSE
https://linkedin.com/company/janani-ai/about,Kindly (YC W22),FALSE,FALSE,FALSE,FALSE,FALSE,FALSE,FALSE,FALSE
http://linkedin.com/company/kinsane-entertainment,Rainshine Animation,FALSE,FALSE,FALSE,FALSE,FALSE,FALSE,FALSE,FALSE
https://linkedin.com/company/kirana-club,Kirana Club,FALSE,FALSE,FALSE,FALSE,FALSE,FALSE,FALSE,FALSE
https://www.linkedin.com/company/kisi,Kisi,FALSE,FALSE,FALSE,FALSE,FALSE,FALSE,FALSE,FALSE
http://linkedin.com/company/kisanwala/?viewAsMember=true,Kisanwala,FALSE,FALSE,FALSE,FALSE,FALSE,FALSE,FALSE,FALSE
http://www.linkedin.com/company/klinify,Klinify,FALSE,FALSE,FALSE,FALSE,FALSE,FALSE,FALSE,FALSE
https://linkedin.com/company/klubworks,Klub,FALSE,FALSE,FALSE,FALSE,FALSE,FALSE,FALSE,FALSE
http://linkedin.com/company/knowlvers-consulting-pvt-ltd,Dhurin,FALSE,FALSE,FALSE,FALSE,FALSE,FALSE,FALSE,FALSE
http://www.linkedin.com/company/kodeyoga,KodeYoga,FALSE,FALSE,FALSE,FALSE,FALSE,FALSE,FALSE,FALSE
http://www.linkedin.com/company/kognitiv-corporation,Kognitiv Corporation,FALSE,FALSE,FALSE,FALSE,FALSE,FALSE,FALSE,FALSE
https://linkedin.com/company/koireader/about,KoiReader - Unlock Smart Operations,FALSE,FALSE,FALSE,FALSE,FALSE,FALSE,FALSE,FALSE
https://linkedin.com/company/konfinity,Konfinity,FALSE,FALSE,FALSE,FALSE,FALSE,FALSE,FALSE,FALSE
https://linkedin.com/company/koo-india,Koo,FALSE,FALSE,FALSE,FALSE,FALSE,FALSE,FALSE,FALSE
https://linkedin.com/company/kopykitab/about,Kopykitab - Digibook Technologies Pvt. Ltd,FALSE,FALSE,FALSE,FALSE,FALSE,FALSE,FALSE,FALSE
http://linkedin.com/company/kriger-campus,Kriger Campus,FALSE,FALSE,FALSE,FALSE,FALSE,FALSE,FALSE,FALSE
http://linkedin.com/company/krishifyapp/about/,Krishify,FALSE,FALSE,FALSE,FALSE,FALSE,FALSE,FALSE,FALSE
https://linkedin.com/company/kriyo/about,Kriyo - #1 App for School & Childcare Management,FALSE,FALSE,FALSE,FALSE,FALSE,FALSE,FALSE,FALSE
https://www.linkedin.com/company/get-mason/,mason,FALSE,FALSE,FALSE,FALSE,FALSE,FALSE,FALSE,FALSE
https://linkedin.com/company/kukufm,Kuku FM,FALSE,FALSE,FALSE,FALSE,FALSE,FALSE,FALSE,FALSE
https://linkedin.com/company/kwantics,Kwantics,FALSE,FALSE,FALSE,FALSE,FALSE,FALSE,FALSE,FALSE
http://linkedin.com/company/kwatt-solutions-private-limited,kWatt Solutions Private Limited,FALSE,FALSE,FALSE,FALSE,FALSE,FALSE,FALSE,FALSE
https://in.linkedin.com/company/nuvocovistas,Nuvoco Vistas Corp. Ltd.,FALSE,FALSE,FALSE,FALSE,FALSE,FALSE,FALSE,FALSE
https://linkedin.com/company/larkai/about,Larkai Healthcare,FALSE,FALSE,FALSE,FALSE,FALSE,FALSE,FALSE,FALSE
https://linkedin.com/company/launch-space/about,Launchspace,FALSE,FALSE,FALSE,FALSE,FALSE,FALSE,FALSE,FALSE
https://linkedin.com/company/lazypay,LazyPay,FALSE,FALSE,FALSE,FALSE,FALSE,FALSE,FALSE,FALSE
https://linkedin.com/company/leaf-technologies-pvt--ltd-,Leaf Technologies Pvt. Ltd.,FALSE,FALSE,FALSE,FALSE,FALSE,FALSE,FALSE,FALSE
https://www.linkedin.com/company/leaguesx/,LeagueSX,FALSE,FALSE,FALSE,FALSE,FALSE,FALSE,FALSE,FALSE
https://linkedin.com/company/league11/about,League11.in,FALSE,FALSE,FALSE,FALSE,FALSE,FALSE,FALSE,FALSE
https://linkedin.com/company/leapclub,leap.club,FALSE,FALSE,FALSE,FALSE,FALSE,FALSE,FALSE,FALSE
https://linkedin.com/company/learnapp,LearnApp,FALSE,FALSE,FALSE,FALSE,FALSE,FALSE,FALSE,FALSE
https://linkedin.com/company/legalpay,LegalPay,FALSE,FALSE,FALSE,FALSE,FALSE,FALSE,FALSE,FALSE
http://www.linkedin.com/company/legit-quest,Legitquest,FALSE,FALSE,FALSE,FALSE,FALSE,FALSE,FALSE,FALSE
http://linkedin.com/company/lema-limited,LEMA LIMITED,FALSE,FALSE,FALSE,FALSE,FALSE,FALSE,FALSE,FALSE
https://linkedin.com/company/lemma-finance/about,Lemma Labs,FALSE,FALSE,FALSE,FALSE,FALSE,FALSE,FALSE,FALSE
http://www.linkedin.com/company/letsventure,LetsVenture,FALSE,FALSE,FALSE,FALSE,FALSE,FALSE,FALSE,FALSE
http://linkedin.com/company/liases-foras,Liases Foras,FALSE,FALSE,FALSE,FALSE,FALSE,FALSE,FALSE,FALSE
https://linkedin.com/company/lightspeedai,LightSpeedAI Labs,FALSE,FALSE,FALSE,FALSE,FALSE,FALSE,FALSE,FALSE
https://linkedin.com/company/lilagames,LILA Games,FALSE,FALSE,FALSE,FALSE,FALSE,FALSE,FALSE,FALSE
https://linkedin.com/company/likemindscommunity,LikeMinds,FALSE,FALSE,FALSE,FALSE,FALSE,FALSE,FALSE,FALSE
https://linkedin.com/company/lioapp,Lio,FALSE,FALSE,FALSE,FALSE,FALSE,FALSE,FALSE,FALSE
http://linkedin.com/company/lithe-technologies-pvt.-ltd.,Lithe Technologies Pvt. Ltd.,FALSE,FALSE,FALSE,FALSE,FALSE,FALSE,FALSE,FALSE
https://linkedin.com/company/litifer/about,Litifer,FALSE,FALSE,FALSE,FALSE,FALSE,FALSE,FALSE,FALSE
https://linkedin.com/company/liv-ai,Liv.ai,FALSE,FALSE,FALSE,FALSE,FALSE,FALSE,FALSE,FALSE
http://www.linkedin.com/company/live247-ai,Live247.ai,FALSE,FALSE,FALSE,FALSE,FALSE,FALSE,FALSE,FALSE
https://linkedin.com/company/livfin/about,LIVFIN,FALSE,FALSE,FALSE,FALSE,FALSE,FALSE,FALSE,FALSE
https://linkedin.com/company/livpure-private-limited/about,Livpure India,FALSE,FALSE,FALSE,FALSE,FALSE,FALSE,FALSE,FALSE
https://linkedin.com/company/llama-community/about,Llama,FALSE,FALSE,FALSE,FALSE,FALSE,FALSE,FALSE,FALSE
http://linkedin.com/company/loansimple.in,LoanSimple,FALSE,FALSE,FALSE,FALSE,FALSE,FALSE,FALSE,FALSE
https://www.linkedin.com/company/loanzen,LoanZen Finance,FALSE,FALSE,FALSE,FALSE,FALSE,FALSE,FALSE,FALSE
http://www.linkedin.com/company/lobb,LOBB Logistics,FALSE,FALSE,FALSE,FALSE,FALSE,FALSE,FALSE,FALSE
https://www.linkedin.com/company/localwire,Localwire - A Social Network for the Local Community,FALSE,FALSE,FALSE,FALSE,FALSE,FALSE,FALSE,FALSE
https://www.linkedin.com/company/localoye,LocalOye,FALSE,FALSE,FALSE,FALSE,FALSE,FALSE,FALSE,FALSE
http://www.linkedin.com/company/localeai,Locale.ai,FALSE,FALSE,FALSE,FALSE,FALSE,FALSE,FALSE,FALSE
https://linkedin.com/company/locofast,Locofast,FALSE,FALSE,FALSE,FALSE,FALSE,FALSE,FALSE,FALSE
http://www.linkedin.com/company/locobuzz,Locobuzz,FALSE,FALSE,FALSE,FALSE,FALSE,FALSE,FALSE,FALSE
https://linkedin.com/company/log-9-materials,Log9 Materials,FALSE,FALSE,FALSE,FALSE,FALSE,FALSE,FALSE,FALSE
http://www.linkedin.com/company/logicroots,Logic Roots - Social math games,FALSE,FALSE,FALSE,FALSE,FALSE,FALSE,FALSE,FALSE
https://www.linkedin.com/company/logistimo-inc-,Logistimo,FALSE,FALSE,FALSE,FALSE,FALSE,FALSE,FALSE,FALSE
https://linkedin.com/company/loktra/about,Loktra,FALSE,FALSE,FALSE,FALSE,FALSE,FALSE,FALSE,FALSE
https://linkedin.com/company/lovelocalindia/about,LoveLocal,FALSE,FALSE,FALSE,FALSE,FALSE,FALSE,FALSE,FALSE
https://linkedin.com/company/lysto/about,Lysto,FALSE,FALSE,FALSE,FALSE,FALSE,FALSE,FALSE,FALSE
http://linkedin.com/company/m4maths,M4maths,FALSE,FALSE,FALSE,FALSE,FALSE,FALSE,FALSE,FALSE
https://linkedin.com/company/m76analytics/about,M76 Analytics,FALSE,FALSE,FALSE,FALSE,FALSE,FALSE,FALSE,FALSE
https://linkedin.com/company/mabel-jewellery/about,Mabel,FALSE,FALSE,FALSE,FALSE,FALSE,FALSE,FALSE,FALSE
https://www.linkedin.com/company/machadalo,Machadalo,FALSE,FALSE,FALSE,FALSE,FALSE,FALSE,FALSE,FALSE
https://linkedin.com/company/machaao/about,MACHAAO,FALSE,FALSE,FALSE,FALSE,FALSE,FALSE,FALSE,FALSE
https://linkedin.com/company/machenn,Machenn,FALSE,FALSE,FALSE,FALSE,FALSE,FALSE,FALSE,FALSE
https://www.linkedin.com/company/madras-mindworks,Madras MindWorks Pvt Ltd,FALSE,FALSE,FALSE,FALSE,FALSE,FALSE,FALSE,FALSE
https://www.linkedin.com/company/magnasoft,Magnasoft,FALSE,FALSE,FALSE,FALSE,FALSE,FALSE,FALSE,FALSE
https://linkedin.com/company/makebot,Makebot,FALSE,FALSE,FALSE,FALSE,FALSE,FALSE,FALSE,FALSE
http://linkedin.com/company/manchforindia,Manch,FALSE,FALSE,FALSE,FALSE,FALSE,FALSE,FALSE,FALSE
https://linkedin.com/company/manastu-space,Manastu Space,FALSE,FALSE,FALSE,FALSE,FALSE,FALSE,FALSE,FALSE
https://www.linkedin.com/company/manufacton,Manufacton by ViZZ Technologies,FALSE,FALSE,FALSE,FALSE,FALSE,FALSE,FALSE,FALSE
https://linkedin.com/company/market-pulse-technologies-pvt.ltd,Punch,FALSE,FALSE,FALSE,FALSE,FALSE,FALSE,FALSE,FALSE
http://www.linkedin.com/company/marketfeedapp,marketfeed,FALSE,FALSE,FALSE,FALSE,FALSE,FALSE,FALSE,FALSE
https://linkedin.com/company/marsinnoindia,MARS INNO INDIA,FALSE,FALSE,FALSE,FALSE,FALSE,FALSE,FALSE,FALSE
https://linkedin.com/company/marsplay/about,Marsplay (Acquired),FALSE,FALSE,FALSE,FALSE,FALSE,FALSE,FALSE,FALSE
http://www.linkedin.com/company/matduncorp,Matdun,FALSE,FALSE,FALSE,FALSE,FALSE,FALSE,FALSE,FALSE
https://linkedin.com/company/matrix-internet,SBA Edge Brasil,FALSE,FALSE,FALSE,FALSE,FALSE,FALSE,FALSE,FALSE
https://linkedin.com/company/matterindia,Matter,FALSE,FALSE,FALSE,FALSE,FALSE,FALSE,FALSE,FALSE
http://linkedin.com/company/mavenhive-technologies-pvt-ltd,MavenHive,FALSE,FALSE,FALSE,FALSE,FALSE,FALSE,FALSE,FALSE
http://www.linkedin.com/company/mavoixsolutions,Mavoix Solutions Private Limited,FALSE,FALSE,FALSE,FALSE,FALSE,FALSE,FALSE,FALSE
http://linkedin.com/company/maxmobility-pvt--ltd-,MaxMobility Pvt. Ltd.,FALSE,FALSE,FALSE,FALSE,FALSE,FALSE,FALSE,FALSE
https://in.linkedin.com/company/mcsquaredai,mcsquared.ai,FALSE,FALSE,FALSE,FALSE,FALSE,FALSE,FALSE,FALSE
http://linkedin.com/company/mean-metal-motors,Mean Metal Motors,FALSE,FALSE,FALSE,FALSE,FALSE,FALSE,FALSE,FALSE
https://www.linkedin.com/company/medcampus/,medCampus,FALSE,FALSE,FALSE,FALSE,FALSE,FALSE,FALSE,FALSE
https://www.linkedin.com/company/medica-synergie-pvt-ltd,Medica Synergie Pvt Ltd,FALSE,FALSE,FALSE,FALSE,FALSE,FALSE,FALSE,FALSE
https://linkedin.com/company/medtrail-tech,MedTrail,FALSE,FALSE,FALSE,FALSE,FALSE,FALSE,FALSE,FALSE
http://linkedin.com/company/meeraq-hq/,Meeraq,FALSE,FALSE,FALSE,FALSE,FALSE,FALSE,FALSE,FALSE
https://linkedin.com/company/menerva-software,Menerva Software,FALSE,FALSE,FALSE,FALSE,FALSE,FALSE,FALSE,FALSE
http://linkedin.com/company/meradoctor,MeraDoctor,FALSE,FALSE,FALSE,FALSE,FALSE,FALSE,FALSE,FALSE
https://www.linkedin.com/company/myguesthouse-com,MGHworld,FALSE,FALSE,FALSE,FALSE,FALSE,FALSE,FALSE,FALSE
http://linkedin.com/company/microchip-payments,Microchip Payments,FALSE,FALSE,FALSE,FALSE,FALSE,FALSE,FALSE,FALSE
http://linkedin.com/company/milaap-social-ventures,Milaap,FALSE,FALSE,FALSE,FALSE,FALSE,FALSE,FALSE,FALSE
https://linkedin.com/company/milkvilla,Milkvilla Private Limited,FALSE,FALSE,FALSE,FALSE,FALSE,FALSE,FALSE,FALSE
https://www.linkedin.com/company/minsh,Minsh,FALSE,FALSE,FALSE,FALSE,FALSE,FALSE,FALSE,FALSE
https://linkedin.com/company/minuszero,Minus Zero,FALSE,FALSE,FALSE,FALSE,FALSE,FALSE,FALSE,FALSE
http://linkedin.com/company/monarch-info-tech-services-pvt-ltd,Monarch Info Tech Services Pvt Ltd,FALSE,FALSE,FALSE,FALSE,FALSE,FALSE,FALSE,FALSE
http://linkedin.com/company/mlit,MLIT - Sol Pvt Ltd.,FALSE,FALSE,FALSE,FALSE,FALSE,FALSE,FALSE,FALSE
https://linkedin.com/company/mocero-health-solutions/about,Mocero Health Solutions,FALSE,FALSE,FALSE,FALSE,FALSE,FALSE,FALSE,FALSE
https://linkedin.com/company/moeving-urban-freight,MoEVing,FALSE,FALSE,FALSE,FALSE,FALSE,FALSE,FALSE,FALSE
https://linkedin.com/company/mojro-technologies-pvt.-ltd.,Mojro,FALSE,FALSE,FALSE,FALSE,FALSE,FALSE,FALSE,FALSE
https://in.linkedin.com/company/moman-ai,MoMan.ai,FALSE,FALSE,FALSE,FALSE,FALSE,FALSE,FALSE,FALSE
https://linkedin.com/company/momagic-technologies-pvt-ltd/about,MoMAGIC Technologies Pvt. Ltd.,FALSE,FALSE,FALSE,FALSE,FALSE,FALSE,FALSE,FALSE
https://linkedin.com/company/moodcafe,Moodcafe,FALSE,FALSE,FALSE,FALSE,FALSE,FALSE,FALSE,FALSE
http://linkedin.com/company/moolmantra/,Mool,FALSE,FALSE,FALSE,FALSE,FALSE,FALSE,FALSE,FALSE
http://www.linkedin.com/company/moovo-in,Moovo.in,FALSE,FALSE,FALSE,FALSE,FALSE,FALSE,FALSE,FALSE
https://in.linkedin.com/company/morphle,Morphle Labs Inc.,FALSE,FALSE,FALSE,FALSE,FALSE,FALSE,FALSE,FALSE
http://linkedin.com/company/motadata,Motadata,FALSE,FALSE,FALSE,FALSE,FALSE,FALSE,FALSE,FALSE
http://www.linkedin.com/company/cloudpact,Mowbly (acquired by ASG Technologies),FALSE,FALSE,FALSE,FALSE,FALSE,FALSE,FALSE,FALSE
https://www.linkedin.com/company/1229260,goMoxie,FALSE,FALSE,FALSE,FALSE,FALSE,FALSE,FALSE,FALSE
https://www.linkedin.com/company/mr.-hot-foods-pvt.-ltd./,Mr. Hot Foods Pvt. Ltd.,FALSE,FALSE,FALSE,FALSE,FALSE,FALSE,FALSE,FALSE
http://linkedin.com/company/medyug-technology-pvt-ltd,Medyug Technology Pvt Ltd,FALSE,FALSE,FALSE,FALSE,FALSE,FALSE,FALSE,FALSE
https://www.linkedin.com/company/trakr/,mTrakr,FALSE,FALSE,FALSE,FALSE,FALSE,FALSE,FALSE,FALSE
https://linkedin.com/company/multilivingofficial/about,MultiLiving Technologies Pvt. Ltd.,FALSE,FALSE,FALSE,FALSE,FALSE,FALSE,FALSE,FALSE
https://linkedin.com/company/munshig,munshiG,FALSE,FALSE,FALSE,FALSE,FALSE,FALSE,FALSE,FALSE
https://linkedin.com/company/agelessbanking,muvin,FALSE,FALSE,FALSE,FALSE,FALSE,FALSE,FALSE,FALSE
https://linkedin.com/company/mventus/about,mventus,FALSE,FALSE,FALSE,FALSE,FALSE,FALSE,FALSE,FALSE
http://linkedin.com/company/mvg-innovations/,Mvg Innovations,FALSE,FALSE,FALSE,FALSE,FALSE,FALSE,FALSE,FALSE
https://www.linkedin.com/company/myadvo?trk=top_nav_home,MyAdvo.in,FALSE,FALSE,FALSE,FALSE,FALSE,FALSE,FALSE,FALSE
https://linkedin.com/company/myelinfoundry/about,Myelin Foundry,FALSE,FALSE,FALSE,FALSE,FALSE,FALSE,FALSE,FALSE
https://linkedin.com/company/myhqspace/about,myHQ by ANAROCK,FALSE,FALSE,FALSE,FALSE,FALSE,FALSE,FALSE,FALSE
http://linkedin.com/company/mynewcar-india,MYNEWCAR India,FALSE,FALSE,FALSE,FALSE,FALSE,FALSE,FALSE,FALSE
https://linkedin.com/company/mymobiforce,MyMobiForce,FALSE,FALSE,FALSE,FALSE,FALSE,FALSE,FALSE,FALSE
http://linkedin.com/company/myrefers,MyRefers,FALSE,FALSE,FALSE,FALSE,FALSE,FALSE,FALSE,FALSE
https://linkedin.com/company/myraa-technologies/about,Myraa Technologies,FALSE,FALSE,FALSE,FALSE,FALSE,FALSE,FALSE,FALSE
https://linkedin.com/company/myupchar.com,myUpchar.com,FALSE,FALSE,FALSE,FALSE,FALSE,FALSE,FALSE,FALSE
https://linkedin.com/company/nanoheal,Nanoheal,FALSE,FALSE,FALSE,FALSE,FALSE,FALSE,FALSE,FALSE
http://www.linkedin.com/company/nanonets,Nanonets,FALSE,FALSE,FALSE,FALSE,FALSE,FALSE,FALSE,FALSE
http://linkedin.com/company/nanosniff-technologies-pvt-ltd-,NanoSniff Technologies Private Limited,FALSE,FALSE,FALSE,FALSE,FALSE,FALSE,FALSE,FALSE
http://linkedin.com/company/native5,Native5,FALSE,FALSE,FALSE,FALSE,FALSE,FALSE,FALSE,FALSE
https://www.linkedin.com/company/natural-remedies-private-limited/,Natural Remedies Private Limited,FALSE,FALSE,FALSE,FALSE,FALSE,FALSE,FALSE,FALSE
https://linkedin.com/company/nautilus-hearing-solutions,Nautilus Hearing Solutions,FALSE,FALSE,FALSE,FALSE,FALSE,FALSE,FALSE,FALSE
https://linkedin.com/company/navalt,Navalt,FALSE,FALSE,FALSE,FALSE,FALSE,FALSE,FALSE,FALSE
https://linkedin.com/company/nayancam,NAYAN,FALSE,FALSE,FALSE,FALSE,FALSE,FALSE,FALSE,FALSE
https://linkedin.com/company/ncore-games,nCORE Games,FALSE,FALSE,FALSE,FALSE,FALSE,FALSE,FALSE,FALSE
http://www.linkedin.com/company/ncompass-techstudio,NCompass TechStudio,FALSE,FALSE,FALSE,FALSE,FALSE,FALSE,FALSE,FALSE
https://www.linkedin.com/company/needl-ai/,Needl.ai,FALSE,FALSE,FALSE,FALSE,FALSE,FALSE,FALSE,FALSE
https://www.linkedin.com/company/neenopal,NeenOpal Inc.,FALSE,FALSE,FALSE,FALSE,FALSE,FALSE,FALSE,FALSE
http://linkedin.com/company/neewee-analytics,Neewee,FALSE,FALSE,FALSE,FALSE,FALSE,FALSE,FALSE,FALSE
https://linkedin.com/company/neoperk-technologies-private-limited/about,Neoperk Technologies,FALSE,FALSE,FALSE,FALSE,FALSE,FALSE,FALSE,FALSE
https://linkedin.com/company/neostencil-inc-/about,NeoStencil,FALSE,FALSE,FALSE,FALSE,FALSE,FALSE,FALSE,FALSE
https://linkedin.com/company/nerdy-academy,NERDY ACADEMY,FALSE,FALSE,FALSE,FALSE,FALSE,FALSE,FALSE,FALSE
http://linkedin.com/company/netbramha-studios,NetBramha - Global UX Design Studio,FALSE,FALSE,FALSE,FALSE,FALSE,FALSE,FALSE,FALSE
http://linkedin.com/company/netmagic,Netmagic Solutions (An NTT Communications Company),FALSE,FALSE,FALSE,FALSE,FALSE,FALSE,FALSE,FALSE
https://www.linkedin.com/company/neuropixel-ai/,NeuroPixel.AI,FALSE,FALSE,FALSE,FALSE,FALSE,FALSE,FALSE,FALSE
http://linkedin.com/company/nevis-networks,Nevis Networks,FALSE,FALSE,FALSE,FALSE,FALSE,FALSE,FALSE,FALSE
https://linkedin.com/company/newstreettech/about,NEW STREET TECH,FALSE,FALSE,FALSE,FALSE,FALSE,FALSE,FALSE,FALSE
https://linkedin.com/company/newslaundry/about,Newslaundry,FALSE,FALSE,FALSE,FALSE,FALSE,FALSE,FALSE,FALSE
https://linkedin.com/company/newspacert,NewSpace Research and Technologies,FALSE,FALSE,FALSE,FALSE,FALSE,FALSE,FALSE,FALSE
https://www.linkedin.com/company/nextstephq/,NextStepHQ,FALSE,FALSE,FALSE,FALSE,FALSE,FALSE,FALSE,FALSE
http://linkedin.com/company/nichepro-technologies,Nichepro Technologies,FALSE,FALSE,FALSE,FALSE,FALSE,FALSE,FALSE,FALSE
https://linkedin.com/company/niflr,Brysk,FALSE,FALSE,FALSE,FALSE,FALSE,FALSE,FALSE,FALSE
https://linkedin.com/company/nimbbl/posts,Nimbbl,FALSE,FALSE,FALSE,FALSE,FALSE,FALSE,FALSE,FALSE
http://www.linkedin.com/company/nimoy-ai,nimoy.ai,FALSE,FALSE,FALSE,FALSE,FALSE,FALSE,FALSE,FALSE
http://linkedin.com/company/ninestars-information-technologies,Ninestars Information Technologies Pvt. Ltd.,FALSE,FALSE,FALSE,FALSE,FALSE,FALSE,FALSE,FALSE
https://linkedin.com/company/niramai-health-analytix/about,Niramai Health Analytix,FALSE,FALSE,FALSE,FALSE,FALSE,FALSE,FALSE,FALSE
https://in.linkedin.com/company/nirafinance,NIRA,FALSE,FALSE,FALSE,FALSE,FALSE,FALSE,FALSE,FALSE
https://linkedin.com/company/nirogstreetindia/about,NirogStreet,FALSE,FALSE,FALSE,FALSE,FALSE,FALSE,FALSE,FALSE
https://in.linkedin.com/company/nit-jalandhar,NIT Jalandhar,FALSE,FALSE,FALSE,FALSE,FALSE,FALSE,FALSE,FALSE
http://linkedin.com/company/niveus-solutions-pvt-ltd-/,Niveus Solutions,FALSE,FALSE,FALSE,FALSE,FALSE,FALSE,FALSE,FALSE
https://linkedin.com/company/nowandme,Now&Me,FALSE,FALSE,FALSE,FALSE,FALSE,FALSE,FALSE,FALSE
http://linkedin.com/company/nstore-india,nStore India,FALSE,FALSE,FALSE,FALSE,FALSE,FALSE,FALSE,FALSE
https://www.linkedin.com/company/nukkad-shops/,Nukkad Shops,FALSE,FALSE,FALSE,FALSE,FALSE,FALSE,FALSE,FALSE
https://linkedin.com/company/nuvepro-technologies-private-ltd/about,Nuvepro Technologies,FALSE,FALSE,FALSE,FALSE,FALSE,FALSE,FALSE,FALSE
https://www.linkedin.com/company/nxtgen-datacenter-&-cloud-services-limited,NxtGen Datacenter & Cloud Technologies,FALSE,FALSE,FALSE,FALSE,FALSE,FALSE,FALSE,FALSE
http://www.linkedin.com/company/obviously-ai,Obviously AI,FALSE,FALSE,FALSE,FALSE,FALSE,FALSE,FALSE,FALSE
https://linkedin.com/company/oceanfrogs,OceanFrogs,FALSE,FALSE,FALSE,FALSE,FALSE,FALSE,FALSE,FALSE
https://linkedin.com/company/odaclass,Oda Class,FALSE,FALSE,FALSE,FALSE,FALSE,FALSE,FALSE,FALSE
http://linkedin.com/company/offergrid-networks-private-limited,Offergrid Networks Private Limited,FALSE,FALSE,FALSE,FALSE,FALSE,FALSE,FALSE,FALSE
https://www.linkedin.com/company/officekit,Maasara,FALSE,FALSE,FALSE,FALSE,FALSE,FALSE,FALSE,FALSE
http://www.linkedin.com/company/ogive-tech,Ogive Technology,FALSE,FALSE,FALSE,FALSE,FALSE,FALSE,FALSE,FALSE
https://www.linkedin.com/company/ohlook,OhLook,FALSE,FALSE,FALSE,FALSE,FALSE,FALSE,FALSE,FALSE
https://linkedin.com/company/okaygo/about,OkayGo,FALSE,FALSE,FALSE,FALSE,FALSE,FALSE,FALSE,FALSE
https://linkedin.com/company/olagateapp,OlaGate,FALSE,FALSE,FALSE,FALSE,FALSE,FALSE,FALSE,FALSE
https://linkedin.com/company/oliveboard/about,Oliveboard,FALSE,FALSE,FALSE,FALSE,FALSE,FALSE,FALSE,FALSE
http://www.linkedin.com/company/oliv-ai,Oliv AI,FALSE,FALSE,FALSE,FALSE,FALSE,FALSE,FALSE,FALSE
https://linkedin.com/company/omiguide/about,OMI,FALSE,FALSE,FALSE,FALSE,FALSE,FALSE,FALSE,FALSE
http://linkedin.com/company/omitra,OMitra,FALSE,FALSE,FALSE,FALSE,FALSE,FALSE,FALSE,FALSE
https://linkedin.com/company/oncostem-diagnostics-pvt-ltd,OncoStem Diagnostics Pvt. Ltd.,FALSE,FALSE,FALSE,FALSE,FALSE,FALSE,FALSE,FALSE
http://linkedin.com/company/oneimpression,One Impression,FALSE,FALSE,FALSE,FALSE,FALSE,FALSE,FALSE,FALSE
https://linkedin.com/company/openappliances/about,Openapp,FALSE,FALSE,FALSE,FALSE,FALSE,FALSE,FALSE,FALSE
http://www.linkedin.com/company/open-craft,OpenCraft,FALSE,FALSE,FALSE,FALSE,FALSE,FALSE,FALSE,FALSE
http://linkedin.com/company/openebs,OpenEBS,FALSE,FALSE,FALSE,FALSE,FALSE,FALSE,FALSE,FALSE
https://www.linkedin.com/company/shoes-on-loose/,Shoes on Loose,FALSE,FALSE,FALSE,FALSE,FALSE,FALSE,FALSE,FALSE
https://linkedin.com/company/origa-ai,Stealth Mode,FALSE,FALSE,FALSE,FALSE,FALSE,FALSE,FALSE,FALSE
https://www.linkedin.com/company/oro-wealth,InCred Money,FALSE,FALSE,FALSE,FALSE,FALSE,FALSE,FALSE,FALSE
https://linkedin.com/company/oslash,OSlash,FALSE,FALSE,FALSE,FALSE,FALSE,FALSE,FALSE,FALSE
http://www.linkedin.com/company/own-a-youth-led-career-growth-project-by-pranay-bhalla,oWn,FALSE,FALSE,FALSE,FALSE,FALSE,FALSE,FALSE,FALSE
https://linkedin.com/company/oxigen-services-india-pvt-ltd,Oxigen,FALSE,FALSE,FALSE,FALSE,FALSE,FALSE,FALSE,FALSE
https://linkedin.com/company/pagarbook/about,PagarBook,FALSE,FALSE,FALSE,FALSE,FALSE,FALSE,FALSE,FALSE
https://linkedin.com/company/jarapp/about,Jar,FALSE,FALSE,FALSE,FALSE,FALSE,FALSE,FALSE,FALSE
https://linkedin.com/company/cure-link,curelink,FALSE,FALSE,FALSE,FALSE,FALSE,FALSE,FALSE,FALSE
https://www.linkedin.com/company/parabluinc,"Parablu, Inc.",FALSE,FALSE,FALSE,FALSE,FALSE,FALSE,FALSE,FALSE
https://linkedin.com/company/pariksha,Pariksha,FALSE,FALSE,FALSE,FALSE,FALSE,FALSE,FALSE,FALSE
https://linkedin.com/company/parle-products-pvt.-ltd,Parle Products Pvt. Ltd,FALSE,FALSE,FALSE,FALSE,FALSE,FALSE,FALSE,FALSE
https://linkedin.com/company/jai-kisan/about,Jai Kisan,FALSE,FALSE,FALSE,FALSE,FALSE,FALSE,FALSE,FALSE
https://in.linkedin.com/company/paytunes,PayTunes Digital Audio Advertising,FALSE,FALSE,FALSE,FALSE,FALSE,FALSE,FALSE,FALSE
http://linkedin.com/company/go-pazo,Pazo,FALSE,FALSE,FALSE,FALSE,FALSE,FALSE,FALSE,FALSE
http://www.linkedin.com/company/pcloudy-com,pCloudy,FALSE,FALSE,FALSE,FALSE,FALSE,FALSE,FALSE,FALSE
https://linkedin.com/company/paz-care,Pazcare,FALSE,FALSE,FALSE,FALSE,FALSE,FALSE,FALSE,FALSE
https://linkedin.com/company/getpeppermint/about,Peppermint Robotics,FALSE,FALSE,FALSE,FALSE,FALSE,FALSE,FALSE,FALSE
http://www.linkedin.com/company/perfskills,Perfect Skills,FALSE,FALSE,FALSE,FALSE,FALSE,FALSE,FALSE,FALSE
http://linkedin.com/company/perpetuuiti,Perpetuuiti Technosoft PTE LTD,FALSE,FALSE,FALSE,FALSE,FALSE,FALSE,FALSE,FALSE
https://linkedin.com/company/personifwy/about,Personifwy,FALSE,FALSE,FALSE,FALSE,FALSE,FALSE,FALSE,FALSE
https://www.linkedin.com/company/pervazive,Pervazive Inc.,FALSE,FALSE,FALSE,FALSE,FALSE,FALSE,FALSE,FALSE
http://linkedin.com/company/power-finance-corporation-ltd-,Power Finance Corporation Ltd.,FALSE,FALSE,FALSE,FALSE,FALSE,FALSE,FALSE,FALSE
https://linkedin.com/company/phablecare/about,Phablecare,FALSE,FALSE,FALSE,FALSE,FALSE,FALSE,FALSE,FALSE
http://linkedin.com/company/photographai,PhotographAI (Acquired By Zestmoney),FALSE,FALSE,FALSE,FALSE,FALSE,FALSE,FALSE,FALSE
https://www.linkedin.com/company/physioai/,PhysioAI,FALSE,FALSE,FALSE,FALSE,FALSE,FALSE,FALSE,FALSE
https://linkedin.com/company/phyt-health/about,Phyt Health,FALSE,FALSE,FALSE,FALSE,FALSE,FALSE,FALSE,FALSE
https://www.linkedin.com/company/etrance-networks,Etrance Networks,FALSE,FALSE,FALSE,FALSE,FALSE,FALSE,FALSE,FALSE
http://linkedin.com/company/pickyourtrail,Pickyourtrail,FALSE,FALSE,FALSE,FALSE,FALSE,FALSE,FALSE,FALSE
http://linkedin.com/company/pickurflick.com,Pickurflick.com,FALSE,FALSE,FALSE,FALSE,FALSE,FALSE,FALSE,FALSE
https://linkedin.com/company/pickrightin/about,Pickright Technologies,FALSE,FALSE,FALSE,FALSE,FALSE,FALSE,FALSE,FALSE
https://linkedin.com/company/pidge-mobility/about,Pidge,FALSE,FALSE,FALSE,FALSE,FALSE,FALSE,FALSE,FALSE
https://linkedin.com/company/savewithpiggy,Piggy,FALSE,FALSE,FALSE,FALSE,FALSE,FALSE,FALSE,FALSE
https://linkedin.com/company/frontrow-in,FrontRow,FALSE,FALSE,FALSE,FALSE,FALSE,FALSE,FALSE,FALSE
https://linkedin.com/company/pingala-software-india-pvt-ltd/about,Pingala Software India Pvt Ltd,FALSE,FALSE,FALSE,FALSE,FALSE,FALSE,FALSE,FALSE
https://www.linkedin.com/company/piqube,PiQube,FALSE,FALSE,FALSE,FALSE,FALSE,FALSE,FALSE,FALSE
http://linkedin.com/company/piron-corporation,Piron Corporation,FALSE,FALSE,FALSE,FALSE,FALSE,FALSE,FALSE,FALSE
http://linkedin.com/company/piruby,PiRuby,FALSE,FALSE,FALSE,FALSE,FALSE,FALSE,FALSE,FALSE
https://linkedin.com/company/cocos-labs/about,Pixuate ( Cocoslabs Innovative Solutions Private Limited),FALSE,FALSE,FALSE,FALSE,FALSE,FALSE,FALSE,FALSE
http://linkedin.com/company/pizza-hut,Pizza Hut,FALSE,FALSE,FALSE,FALSE,FALSE,FALSE,FALSE,FALSE
http://linkedin.com/company/planytics,Planytics,FALSE,FALSE,FALSE,FALSE,FALSE,FALSE,FALSE,FALSE
http://linkedin.com/company/playcez-technologies,PlayCez Technologies,FALSE,FALSE,FALSE,FALSE,FALSE,FALSE,FALSE,FALSE
http://linkedin.com/company/playfiks-software-pvt-ltd-,Playfiks,FALSE,FALSE,FALSE,FALSE,FALSE,FALSE,FALSE,FALSE
https://linkedin.com/company/playspotsapp,PlaySpots,FALSE,FALSE,FALSE,FALSE,FALSE,FALSE,FALSE,FALSE
https://linkedin.com/company/playshifu,PlayShifu,FALSE,FALSE,FALSE,FALSE,FALSE,FALSE,FALSE,FALSE
http://linkedin.com/company/pluss-polymers,Pluss Advanced Technologies Ltd.,FALSE,FALSE,FALSE,FALSE,FALSE,FALSE,FALSE,FALSE
https://linkedin.com/company/pocket52,Pocket52,FALSE,FALSE,FALSE,FALSE,FALSE,FALSE,FALSE,FALSE
https://linkedin.com/company/podeum-live,Podeum,FALSE,FALSE,FALSE,FALSE,FALSE,FALSE,FALSE,FALSE
https://linkedin.com/company/pokktads/about,POKKT,FALSE,FALSE,FALSE,FALSE,FALSE,FALSE,FALSE,FALSE
http://www.linkedin.com/company/possible-com,POSSIBLE,FALSE,FALSE,FALSE,FALSE,FALSE,FALSE,FALSE,FALSE
http://linkedin.com/company/getpowerplay/,Powerplay,FALSE,FALSE,FALSE,FALSE,FALSE,FALSE,FALSE,FALSE
http://linkedin.com/company/praxis-business-school,Praxis Business School,FALSE,FALSE,FALSE,FALSE,FALSE,FALSE,FALSE,FALSE
https://linkedin.com/company/predis-ai,Predis.ai,FALSE,FALSE,FALSE,FALSE,FALSE,FALSE,FALSE,FALSE
https://www.linkedin.com/company/pregbuddy,PregBuddy Tech,FALSE,FALSE,FALSE,FALSE,FALSE,FALSE,FALSE,FALSE
https://www.linkedin.com/company/pricebaba,Pricebaba.com,FALSE,FALSE,FALSE,FALSE,FALSE,FALSE,FALSE,FALSE
https://www.linkedin.com/company/prezent-ai/,Prezent,FALSE,FALSE,FALSE,FALSE,FALSE,FALSE,FALSE,FALSE
https://linkedin.com/company/prishapolicy,PrishaPolicy,FALSE,FALSE,FALSE,FALSE,FALSE,FALSE,FALSE,FALSE
http://www.linkedin.com/company/privado-ai,Privado.ai,FALSE,FALSE,FALSE,FALSE,FALSE,FALSE,FALSE,FALSE
https://linkedin.com/company/probomedia/about,Probo,FALSE,FALSE,FALSE,FALSE,FALSE,FALSE,FALSE,FALSE
https://in.linkedin.com/company/probeinformationservices,Probe42,FALSE,FALSE,FALSE,FALSE,FALSE,FALSE,FALSE,FALSE
https://www.linkedin.com/company/proeves,ProEves,FALSE,FALSE,FALSE,FALSE,FALSE,FALSE,FALSE,FALSE
http://www.linkedin.com/company/promethean-power-systems,Promethean Power Systems,FALSE,FALSE,FALSE,FALSE,FALSE,FALSE,FALSE,FALSE
http://linkedin.com/company/prophesee,PropheSee,FALSE,FALSE,FALSE,FALSE,FALSE,FALSE,FALSE,FALSE
http://linkedin.com/company/propstory,PropStory,FALSE,FALSE,FALSE,FALSE,FALSE,FALSE,FALSE,FALSE
https://www.linkedin.com/company/propsamc,PropsAMC,FALSE,FALSE,FALSE,FALSE,FALSE,FALSE,FALSE,FALSE
http://linkedin.com/company/propvr/,PropVR,FALSE,FALSE,FALSE,FALSE,FALSE,FALSE,FALSE,FALSE
http://linkedin.com/company/prospus-consulting-private-limited,Prospus,FALSE,FALSE,FALSE,FALSE,FALSE,FALSE,FALSE,FALSE
https://www.linkedin.com/company/protectt-ai-labs-pvt-ltd/,Protectt.ai,FALSE,FALSE,FALSE,FALSE,FALSE,FALSE,FALSE,FALSE
https://linkedin.com/company/protrainy,Protrainy,FALSE,FALSE,FALSE,FALSE,FALSE,FALSE,FALSE,FALSE
https://linkedin.com/company/prozo,Prozo,FALSE,FALSE,FALSE,FALSE,FALSE,FALSE,FALSE,FALSE
https://linkedin.com/company/pulse-healthcare-services,Pulse Healthcare Services,FALSE,FALSE,FALSE,FALSE,FALSE,FALSE,FALSE,FALSE
https://linkedin.com/company/punar-healthcare/about,Punar Rehab Solutions,FALSE,FALSE,FALSE,FALSE,FALSE,FALSE,FALSE,FALSE
https://www.linkedin.com/company/purple-style-labs,Purple Style Labs (PSL),FALSE,FALSE,FALSE,FALSE,FALSE,FALSE,FALSE,FALSE
http://linkedin.com/company/purpledot-designs-pvt-ltd,PURPLEDOT DESIGNS PVT LTD,FALSE,FALSE,FALSE,FALSE,FALSE,FALSE,FALSE,FALSE
http://linkedin.com/company/pushchamp,Pushchamp,FALSE,FALSE,FALSE,FALSE,FALSE,FALSE,FALSE,FALSE
http://www.linkedin.com/company/qatalog,Qatalog,FALSE,FALSE,FALSE,FALSE,FALSE,FALSE,FALSE,FALSE
https://linkedin.com/company/antcreditex/about,Qbera (Acquired by Incred),FALSE,FALSE,FALSE,FALSE,FALSE,FALSE,FALSE,FALSE
https://linkedin.com/company/quifers,Qbit,FALSE,FALSE,FALSE,FALSE,FALSE,FALSE,FALSE,FALSE
http://www.linkedin.com/company/qnance,Qnance Research Capital LLP,FALSE,FALSE,FALSE,FALSE,FALSE,FALSE,FALSE,FALSE
https://linkedin.com/company/qls-academy,QLS Academy Pvt. Ltd.,FALSE,FALSE,FALSE,FALSE,FALSE,FALSE,FALSE,FALSE
http://linkedin.com/company/qriyo,Qriyo,FALSE,FALSE,FALSE,FALSE,FALSE,FALSE,FALSE,FALSE
http://linkedin.com/company/quadnode-technologies-pvt-ltd-,QuadNode Technologies Pvt. Ltd.,FALSE,FALSE,FALSE,FALSE,FALSE,FALSE,FALSE,FALSE
http://linkedin.com/company/quantum-phinance-pvt.-ltd.,Quantum Phinance,FALSE,FALSE,FALSE,FALSE,FALSE,FALSE,FALSE,FALSE
http://www.linkedin.com/company/questgen,Questgen.ai,FALSE,FALSE,FALSE,FALSE,FALSE,FALSE,FALSE,FALSE
https://linkedin.com/company/questtapp/about,Questt | Unique Study Plan,FALSE,FALSE,FALSE,FALSE,FALSE,FALSE,FALSE,FALSE
https://linkedin.com/company/quicfind,SwiftFixx,FALSE,FALSE,FALSE,FALSE,FALSE,FALSE,FALSE,FALSE
https://www.linkedin.com/company/quickinsure,Quickinsure,FALSE,FALSE,FALSE,FALSE,FALSE,FALSE,FALSE,FALSE
https://in.linkedin.com/company/quickmove,QuickMove Technologies,FALSE,FALSE,FALSE,FALSE,FALSE,FALSE,FALSE,FALSE
https://www.linkedin.com/company/quifers/,Qbit,FALSE,FALSE,FALSE,FALSE,FALSE,FALSE,FALSE,FALSE
https://linkedin.com/company/quinn-care,Quinn,FALSE,FALSE,FALSE,FALSE,FALSE,FALSE,FALSE,FALSE
https://linkedin.com/company/supershare/about,SuperShare,FALSE,FALSE,FALSE,FALSE,FALSE,FALSE,FALSE,FALSE
https://linkedin.com/company/quixoteindia,Scouto (Acquired by Spinny),FALSE,FALSE,FALSE,FALSE,FALSE,FALSE,FALSE,FALSE
https://linkedin.com/company/quizygames,Quizy,FALSE,FALSE,FALSE,FALSE,FALSE,FALSE,FALSE,FALSE
https://linkedin.com/company/qwerty-thoughts/about,Qwerty Thoughts,FALSE,FALSE,FALSE,FALSE,FALSE,FALSE,FALSE,FALSE
https://www.linkedin.com/company/futemind-technologies-private-limited,racetrack.ai,FALSE,FALSE,FALSE,FALSE,FALSE,FALSE,FALSE,FALSE
https://linkedin.com/company/railofy/about,Railofy,FALSE,FALSE,FALSE,FALSE,FALSE,FALSE,FALSE,FALSE
http://www.linkedin.com/company/rakshak-foundation,Rakshak Foundation,FALSE,FALSE,FALSE,FALSE,FALSE,FALSE,FALSE,FALSE
https://in.linkedin.com/company/symbldotai,Symbl.ai,FALSE,FALSE,FALSE,FALSE,FALSE,FALSE,FALSE,FALSE
https://linkedin.com/company/rankmeonlineco/about,Rank Me Online,FALSE,FALSE,FALSE,FALSE,FALSE,FALSE,FALSE,FALSE
http://www.linkedin.com/company/raranow,RARA NOW,FALSE,FALSE,FALSE,FALSE,FALSE,FALSE,FALSE,FALSE
https://linkedin.com/company/rapyder/about,Rapyder Cloud Solutions,FALSE,FALSE,FALSE,FALSE,FALSE,FALSE,FALSE,FALSE
http://linkedin.com/company/ray-business-technologies,Ray Business Technologies (A CMMI Level 3 Company),FALSE,FALSE,FALSE,FALSE,FALSE,FALSE,FALSE,FALSE
http://linkedin.com/company/ready-assist,ReadyAssist - 24/7 Vehicle Care Company,FALSE,FALSE,FALSE,FALSE,FALSE,FALSE,FALSE,FALSE
https://linkedin.com/company/realbox,RealBox Data Analytics,FALSE,FALSE,FALSE,FALSE,FALSE,FALSE,FALSE,FALSE
https://linkedin.com/company/redseer,Redseer Strategy Consultants,FALSE,FALSE,FALSE,FALSE,FALSE,FALSE,FALSE,FALSE
https://linkedin.com/company/redwood-algorithms,Redwood Algorithms,FALSE,FALSE,FALSE,FALSE,FALSE,FALSE,FALSE,FALSE
http://linkedin.com/company/refiral,Refiral,FALSE,FALSE,FALSE,FALSE,FALSE,FALSE,FALSE,FALSE
http://linkedin.com/company/referhire,ReferHire,FALSE,FALSE,FALSE,FALSE,FALSE,FALSE,FALSE,FALSE
https://linkedin.com/company/refrens,Refrens,FALSE,FALSE,FALSE,FALSE,FALSE,FALSE,FALSE,FALSE
https://linkedin.com/company/refyne-india/about,Refyne India,FALSE,FALSE,FALSE,FALSE,FALSE,FALSE,FALSE,FALSE
http://www.linkedin.com/company/regie-ai,Regie.ai,FALSE,FALSE,FALSE,FALSE,FALSE,FALSE,FALSE,FALSE
http://www.linkedin.com/company/relfor-labs-pvt.-ltd.,Relfor Labs Pvt. Ltd.,FALSE,FALSE,FALSE,FALSE,FALSE,FALSE,FALSE,FALSE
http://www.linkedin.com/company/relicxai,Relicx,FALSE,FALSE,FALSE,FALSE,FALSE,FALSE,FALSE,FALSE
https://in.linkedin.com/company/remedo,Remedo,FALSE,FALSE,FALSE,FALSE,FALSE,FALSE,FALSE,FALSE
https://www.linkedin.com/company/visual-data-insights,Report Bee,FALSE,FALSE,FALSE,FALSE,FALSE,FALSE,FALSE,FALSE
http://linkedin.com/company/repos-energy-india-pvt-ltd,Repos Energy : Fuelling Possibilities,FALSE,FALSE,FALSE,FALSE,FALSE,FALSE,FALSE,FALSE
https://linkedin.com/company/retail-pulse-ai,Retail Pulse,FALSE,FALSE,FALSE,FALSE,FALSE,FALSE,FALSE,FALSE
https://linkedin.com/company/retailioapp,Retailio,FALSE,FALSE,FALSE,FALSE,FALSE,FALSE,FALSE,FALSE
https://linkedin.com/company/revv-self-drive-car,Revv Self Drive Car Rental,FALSE,FALSE,FALSE,FALSE,FALSE,FALSE,FALSE,FALSE
http://linkedin.com/company/rgyanindia,Rgyan,FALSE,FALSE,FALSE,FALSE,FALSE,FALSE,FALSE,FALSE
https://linkedin.com/company/ria-insurance/about,RIA Insurance,FALSE,FALSE,FALSE,FALSE,FALSE,FALSE,FALSE,FALSE
http://linkedin.com/company/ridobiko,Ridobiko Bike Rentals,FALSE,FALSE,FALSE,FALSE,FALSE,FALSE,FALSE,FALSE
http://linkedin.com/company/rimus-technologies,RIMUS Technologies Pvt. Ltd.,FALSE,FALSE,FALSE,FALSE,FALSE,FALSE,FALSE,FALSE
https://linkedin.com/company/riyalto,Riyalto Inc,FALSE,FALSE,FALSE,FALSE,FALSE,FALSE,FALSE,FALSE
http://linkedin.com/company/roado,RoaDo,FALSE,FALSE,FALSE,FALSE,FALSE,FALSE,FALSE,FALSE
http://linkedin.com/company/roadhouse-hostels,Roadhouse Hostels,FALSE,FALSE,FALSE,FALSE,FALSE,FALSE,FALSE,FALSE
https://linkedin.com/company/robotech-pvt-ltd,RoboTech Pvt. Ltd.,FALSE,FALSE,FALSE,FALSE,FALSE,FALSE,FALSE,FALSE
http://linkedin.com/company/robustest,RobusTest,FALSE,FALSE,FALSE,FALSE,FALSE,FALSE,FALSE,FALSE
https://linkedin.com/company/rocketlane,Rocketlane,FALSE,FALSE,FALSE,FALSE,FALSE,FALSE,FALSE,FALSE
https://www.linkedin.com/company/algoshelf/,Algoshelf,FALSE,FALSE,FALSE,FALSE,FALSE,FALSE,FALSE,FALSE